Workbook
Name Fertilizers\Fertilizer: Fertilizers[Fertilizer]
Name Fertilizers\Fertilizer: Fertilizers[Fertilizer]
Name Jars\Jar: Jars[Jar]
Name List\Elements: List[Elements]
Name List\Fertilizers: List[Fertilizers]
Name List\Nutrients: List[Nutrients]
Name List\Root_Color: List[Root Color]
Name List\Root_Texture: List[Root Texture]
Name List\Solutions: List[Solutions]
Name Nutrients\For: Nutrients[For]
Name Nutrients\For: Nutrients[For]
Name Seeds\Scientific_Name: Seeds[Scientific Name]
Name Seeds\Scientific_Name: Seeds[Scientific Name]
Name Solutions\Name: Solutions[Name]
Name Solutions\Name: Solutions[Name]

Sheet Data Validation
A10: Solutions | B10: Fertilizers | C10: Nutrients | D10: Elements | E10: Concentration Units | F10: Seasons | G10: Root Color | H10: Root Texture
A11: EC (min) | B11: N (%) | C11: N (ppm) | D11: N | E11: ppm | F11: Year-Round | G11: Unknown | H11: Unknown
A12: EC (max) | B12: P (%) | C12: P (ppm) | D12: P | E12: µM | F12: Spring | G12: White | H12: Firm
A13: pH (min) | B13: K (%) | C13: K (ppm) | D13: K | F13: Summer | G13: Off White | H13: Soft
A14: pH (max) | B14: Ca (%) | C14: Ca (ppm) | D14: Ca | F14: Fall | G14: Grayish | H14: Mushy
A15: N | B15: Mg (%) | C15: Mg (ppm) | D15: Mg | F15: Winter | G15: Light Brown | H15: Slimey
A16: P | B16: S (%) | C16: S (ppm) | D16: S | G16: Brown
A17: K | B17: B (%) | C17: B (ppm) | D17: B | G17: Dark Brown
A18: Ca | B18: Cu (%) | C18: Cu (ppm) | D18: Cu | G18: Blackish
A19: Mg | B19: Fe (%) | C19: Fe (ppm) | D19: Fe
A20: S | B20: Mn (%) | C20: Mn (ppm) | D20: Mn
A21: B | B21: Mo (%) | C21: Mo (ppm) | D21: Mo
A22: Cu | B22: Zn (%) | C22: Zn (ppm) | D22: Zn
A23: Fe | B23: Ni (%) | C23: Ni (ppm) | D23: Ni
A24: Mn | B24: Cl (%) | C24: Cl (ppm) | D24: Cl
A25: Mo | B25: Na (%) | C25: Na (ppm) | D25: Na
A26: Zn | B26: Si (%) | C26: Si (ppm) | D26: Si
A27: Ni | B27: Co (%) | C27: Co (ppm) | D27: Co
A28: Cl | B28: I (%) | C28: I (ppm) | D28: I
A29: Na | B29: Se (%) | C29: Se (ppm) | D29: Se
A30: Si | B30: Al (%) | C30: Al (ppm) | D30: Al
A31: Co | D31: {=_xlfn.LET(_xlpm.value, OFFSET(INDIRECT(ADDRESS(ROW(), COLUMN())), 0, 2), IF(_xlpm.value="", "", _xlpm.value))}
A32: I | D32: {=_xlfn.LET(_xlpm.value, OFFSET(INDIRECT(ADDRESS(ROW(), COLUMN())), 0, 2), IF(_xlpm.value="", "", _xlpm.value))}
A33: Se | D33: {=_xlfn.LET(_xlpm.value, OFFSET(INDIRECT(ADDRESS(ROW(), COLUMN())), 0, 2), IF(_xlpm.value="", "", _xlpm.value))}
A34: Al | D34: {=_xlfn.LET(_xlpm.value, OFFSET(INDIRECT(ADDRESS(ROW(), COLUMN())), 0, 2), IF(_xlpm.value="", "", _xlpm.value))}
D35: {=_xlfn.LET(_xlpm.value, OFFSET(INDIRECT(ADDRESS(ROW(), COLUMN())), 0, 2), IF(_xlpm.value="", "", _xlpm.value))}

Sheet Conversions
A1: 1 ppm ≈ 1 mg/L in dilute aqueous solutions
A2: 1 mg/L * g/mol = 1/1000 µM
A3: Potassium Oxide = Potash
A9: XLOOKUP("", Conversions[Key], Conversions[Multiply By])
A10: Key | B10: Ratio | C10: To (Value) | D10: To (Unit) | E10: To | F10: To (Name) | G10: From (Value) | H10: From (Unit) | I10: From | J10: From (Name) | K10: Multiply By | L10: Notes | M10: From (Source) | N10: To (Source)
A11: =IF(Conversions[[#This Row],[From]]="", "", Conversions[[#This Row],[From]] & " (" & Conversions[[#This Row],[From (Unit)]] & ") to " & Conversions[[#This Row],[To]] & " (" & Conversions[[#This Row],[To (Unit)]] & ")") -> Al (µM) to Al (mg/L) | B11: 1 | C11: 26.982 | D11: mg/L | E11: Al | F11: Aluminum | G11: 1000 | H11: µM | I11: Al | J11: Aluminum | K11: =IF(_xlfn.SINGLE(Conversions[Key])="", "", (_xlfn.SINGLE(Conversions[Ratio]) * _xlfn.SINGLE(Conversions[To (Value)])) / _xlfn.SINGLE(Conversions[From (Value)])) -> 0.026982 | L11: ~ppm | M11: 1/1000 micromolars = 1 micrograms/L * g/mol | N11: Standard atomic weights of the elements 2021 (IUPAC Technical Report)
A12: =IF(Conversions[[#This Row],[From]]="", "", Conversions[[#This Row],[From]] & " (" & Conversions[[#This Row],[From (Unit)]] & ") to " & Conversions[[#This Row],[To]] & " (" & Conversions[[#This Row],[To (Unit)]] & ")") -> B (µM) to B (mg/L) | B12: 1 | C12: 10.81 | D12: mg/L | E12: B | F12: Boron | G12: 1000 | H12: µM | I12: B | J12: Boron | K12: =IF(_xlfn.SINGLE(Conversions[Key])="", "", (_xlfn.SINGLE(Conversions[Ratio]) * _xlfn.SINGLE(Conversions[To (Value)])) / _xlfn.SINGLE(Conversions[From (Value)])) -> 0.01081 | L12: ~ppm
A13: =IF(Conversions[[#This Row],[From]]="", "", Conversions[[#This Row],[From]] & " (" & Conversions[[#This Row],[From (Unit)]] & ") to " & Conversions[[#This Row],[To]] & " (" & Conversions[[#This Row],[To (Unit)]] & ")") -> Ca (µM) to Ca (mg/L) | B13: 1 | C13: 40.078 | D13: mg/L | E13: Ca | F13: Calcium | G13: 1000 | H13: µM | I13: Ca | J13: Calcium | K13: =IF(_xlfn.SINGLE(Conversions[Key])="", "", (_xlfn.SINGLE(Conversions[Ratio]) * _xlfn.SINGLE(Conversions[To (Value)])) / _xlfn.SINGLE(Conversions[From (Value)])) -> 0.040078 | L13: ~ppm
A14: =IF(Conversions[[#This Row],[From]]="", "", Conversions[[#This Row],[From]] & " (" & Conversions[[#This Row],[From (Unit)]] & ") to " & Conversions[[#This Row],[To]] & " (" & Conversions[[#This Row],[To (Unit)]] & ")") -> Cl (µM) to Cl (mg/L) | B14: 1 | C14: 35.45 | D14: mg/L | E14: Cl | F14: Chlorine | G14: 1000 | H14: µM | I14: Cl | J14: Chlorine | K14: =IF(_xlfn.SINGLE(Conversions[Key])="", "", (_xlfn.SINGLE(Conversions[Ratio]) * _xlfn.SINGLE(Conversions[To (Value)])) / _xlfn.SINGLE(Conversions[From (Value)])) -> 0.03545 | L14: ~ppm
A15: =IF(Conversions[[#This Row],[From]]="", "", Conversions[[#This Row],[From]] & " (" & Conversions[[#This Row],[From (Unit)]] & ") to " & Conversions[[#This Row],[To]] & " (" & Conversions[[#This Row],[To (Unit)]] & ")") -> Co (µM) to Co (mg/L) | B15: 1 | C15: 58.933 | D15: mg/L | E15: Co | F15: Cobalt | G15: 1000 | H15: µM | I15: Co | J15: Cobalt | K15: =IF(_xlfn.SINGLE(Conversions[Key])="", "", (_xlfn.SINGLE(Conversions[Ratio]) * _xlfn.SINGLE(Conversions[To (Value)])) / _xlfn.SINGLE(Conversions[From (Value)])) -> 0.058933 | L15: ~ppm
A16: =IF(Conversions[[#This Row],[From]]="", "", Conversions[[#This Row],[From]] & " (" & Conversions[[#This Row],[From (Unit)]] & ") to " & Conversions[[#This Row],[To]] & " (" & Conversions[[#This Row],[To (Unit)]] & ")") -> Cu (µM) to Cu (mg/L) | B16: 1 | C16: 63.546 | D16: mg/L | E16: Cu | F16: Copper | G16: 1000 | H16: µM | I16: Cu | J16: Copper | K16: =IF(_xlfn.SINGLE(Conversions[Key])="", "", (_xlfn.SINGLE(Conversions[Ratio]) * _xlfn.SINGLE(Conversions[To (Value)])) / _xlfn.SINGLE(Conversions[From (Value)])) -> 0.063546 | L16: ~ppm
A17: =IF(Conversions[[#This Row],[From]]="", "", Conversions[[#This Row],[From]] & " (" & Conversions[[#This Row],[From (Unit)]] & ") to " & Conversions[[#This Row],[To]] & " (" & Conversions[[#This Row],[To (Unit)]] & ")") -> Fe (µM) to Fe (mg/L) | B17: 1 | C17: 55.845 | D17: mg/L | E17: Fe | F17: Iron | G17: 1000 | H17: µM | I17: Fe | J17: Iron | K17: =IF(_xlfn.SINGLE(Conversions[Key])="", "", (_xlfn.SINGLE(Conversions[Ratio]) * _xlfn.SINGLE(Conversions[To (Value)])) / _xlfn.SINGLE(Conversions[From (Value)])) -> 0.055845 | L17: ~ppm
A18: =IF(Conversions[[#This Row],[From]]="", "", Conversions[[#This Row],[From]] & " (" & Conversions[[#This Row],[From (Unit)]] & ") to " & Conversions[[#This Row],[To]] & " (" & Conversions[[#This Row],[To (Unit)]] & ")") -> I (µM) to I (mg/L) | B18: 1 | C18: 126.904 | D18: mg/L | E18: I | F18: Iodine | G18: 1000 | H18: µM | I18: I | J18: Iodine | K18: =IF(_xlfn.SINGLE(Conversions[Key])="", "", (_xlfn.SINGLE(Conversions[Ratio]) * _xlfn.SINGLE(Conversions[To (Value)])) / _xlfn.SINGLE(Conversions[From (Value)])) -> 0.126904 | L18: ~ppm
A19: =IF(Conversions[[#This Row],[From]]="", "", Conversions[[#This Row],[From]] & " (" & Conversions[[#This Row],[From (Unit)]] & ") to " & Conversions[[#This Row],[To]] & " (" & Conversions[[#This Row],[To (Unit)]] & ")") -> K (µM) to K (mg/L) | B19: 1 | C19: 39.0983 | D19: mg/L | E19: K | F19: Potassium | G19: 1000 | H19: µM | I19: K | J19: Potassium | K19: =IF(_xlfn.SINGLE(Conversions[Key])="", "", (_xlfn.SINGLE(Conversions[Ratio]) * _xlfn.SINGLE(Conversions[To (Value)])) / _xlfn.SINGLE(Conversions[From (Value)])) -> 0.0390983 | L19: ~ppm
A20: =IF(Conversions[[#This Row],[From]]="", "", Conversions[[#This Row],[From]] & " (" & Conversions[[#This Row],[From (Unit)]] & ") to " & Conversions[[#This Row],[To]] & " (" & Conversions[[#This Row],[To (Unit)]] & ")") -> Mg (µM) to Mg (mg/L) | B20: 1 | C20: 24.305 | D20: mg/L | E20: Mg | F20: Magnesium | G20: 1000 | H20: µM | I20: Mg | J20: Magnesium | K20: =IF(_xlfn.SINGLE(Conversions[Key])="", "", (_xlfn.SINGLE(Conversions[Ratio]) * _xlfn.SINGLE(Conversions[To (Value)])) / _xlfn.SINGLE(Conversions[From (Value)])) -> 0.024305 | L20: ~ppm
A21: =IF(Conversions[[#This Row],[From]]="", "", Conversions[[#This Row],[From]] & " (" & Conversions[[#This Row],[From (Unit)]] & ") to " & Conversions[[#This Row],[To]] & " (" & Conversions[[#This Row],[To (Unit)]] & ")") -> Mn (µM) to Mn (mg/L) | B21: 1 | C21: 54.938 | D21: mg/L | E21: Mn | F21: Manganese | G21: 1000 | H21: µM | I21: Mn | J21: Manganese | K21: =IF(_xlfn.SINGLE(Conversions[Key])="", "", (_xlfn.SINGLE(Conversions[Ratio]) * _xlfn.SINGLE(Conversions[To (Value)])) / _xlfn.SINGLE(Conversions[From (Value)])) -> 0.054938 | L21: ~ppm
A22: =IF(Conversions[[#This Row],[From]]="", "", Conversions[[#This Row],[From]] & " (" & Conversions[[#This Row],[From (Unit)]] & ") to " & Conversions[[#This Row],[To]] & " (" & Conversions[[#This Row],[To (Unit)]] & ")") -> Mo (µM) to Mo (mg/L) | B22: 1 | C22: 95.95 | D22: mg/L | E22: Mo | F22: Molybdenum | G22: 1000 | H22: µM | I22: Mo | J22: Molybdenum | K22: =IF(_xlfn.SINGLE(Conversions[Key])="", "", (_xlfn.SINGLE(Conversions[Ratio]) * _xlfn.SINGLE(Conversions[To (Value)])) / _xlfn.SINGLE(Conversions[From (Value)])) -> 0.09595 | L22: ~ppm
A23: =IF(Conversions[[#This Row],[From]]="", "", Conversions[[#This Row],[From]] & " (" & Conversions[[#This Row],[From (Unit)]] & ") to " & Conversions[[#This Row],[To]] & " (" & Conversions[[#This Row],[To (Unit)]] & ")") -> N (µM) to N (mg/L) | B23: 1 | C23: 14.007 | D23: mg/L | E23: N | F23: Nitrogen | G23: 1000 | H23: µM | I23: N | J23: Nitrogen | K23: =IF(_xlfn.SINGLE(Conversions[Key])="", "", (_xlfn.SINGLE(Conversions[Ratio]) * _xlfn.SINGLE(Conversions[To (Value)])) / _xlfn.SINGLE(Conversions[From (Value)])) -> 0.014007 | L23: ~ppm
... A30: =IF(Conversions[[#This Row],[From]]="", "", Conversions[[#This Row],[From]] & " (" & Conversions[[#This Row],[From (Unit)]] & ") to " & Conversions[[#This Row],[To]] & " (" & Conversions[[#This Row],[To (Unit)]] & ")") -> Zn (µM) to Zn (mg/L) | B30: 1 | C30: 65.38 | D30: mg/L | E30: Zn | F30: Zinc | G30: 1000 | H30: µM | I30: Zn | J30: Zinc | K30: =IF(_xlfn.SINGLE(Conversions[Key])="", "", (_xlfn.SINGLE(Conversions[Ratio]) * _xlfn.SINGLE(Conversions[To (Value)])) / _xlfn.SINGLE(Conversions[From (Value)])) -> 0.06538 | L30: ~ppm
A31: =IF(Conversions[[#This Row],[From]]="", "", Conversions[[#This Row],[From]] & " (" & Conversions[[#This Row],[From (Unit)]] & ") to " & Conversions[[#This Row],[To]] & " (" & Conversions[[#This Row],[To (Unit)]] & ")") -> % (%) to ppm (ppm) | B31: 1 | C31: 10000 | D31: ppm | E31: ppm | F31: Parts-Per-Million | G31: 1 | H31: % | I31: % | J31: Percent | K31: =IF(_xlfn.SINGLE(Conversions[Key])="", "", (_xlfn.SINGLE(Conversions[Ratio]) * _xlfn.SINGLE(Conversions[To (Value)])) / _xlfn.SINGLE(Conversions[From (Value)])) -> 10000
A32: =IF(Conversions[[#This Row],[From]]="", "", Conversions[[#This Row],[From]] & " (" & Conversions[[#This Row],[From (Unit)]] & ") to " & Conversions[[#This Row],[To]] & " (" & Conversions[[#This Row],[To (Unit)]] & ")") -> K₂O (g/mol) to K (g/mol) | B32: 2 | C32: 39.1 | D32: g/mol | E32: K | F32: Potassium | G32: 94.2 | H32: g/mol | I32: K₂O | J32: Potassium Oxide | K32: =IF(_xlfn.SINGLE(Conversions[Key])="", "", (_xlfn.SINGLE(Conversions[Ratio]) * _xlfn.SINGLE(Conversions[To (Value)])) / _xlfn.SINGLE(Conversions[From (Value)])) -> 0.83014862
A33: =IF(Conversions[[#This Row],[From]]="", "", Conversions[[#This Row],[From]] & " (" & Conversions[[#This Row],[From (Unit)]] & ") to " & Conversions[[#This Row],[To]] & " (" & Conversions[[#This Row],[To (Unit)]] & ")") -> N (g/mol) to NH₄ (g/mol) | B33: 1 | C33: 18.039 | D33: g/mol | E33: NH₄ | F33: Ammonium | G33: 14.007 | H33: g/mol | I33: N | J33: Nitrogen | K33: =IF(_xlfn.SINGLE(Conversions[Key])="", "", (_xlfn.SINGLE(Conversions[Ratio]) * _xlfn.SINGLE(Conversions[To (Value)])) / _xlfn.SINGLE(Conversions[From (Value)])) -> 1.2878561
A34: =IF(Conversions[[#This Row],[From]]="", "", Conversions[[#This Row],[From]] & " (" & Conversions[[#This Row],[From (Unit)]] & ") to " & Conversions[[#This Row],[To]] & " (" & Conversions[[#This Row],[To (Unit)]] & ")") -> N (g/mol) to NO₃ (g/mol) | B34: 1 | C34: 62.004 | D34: g/mol | E34: NO₃ | F34: Nitrate | G34: 14.007 | H34: g/mol | I34: N | J34: Nitrogen | K34: =IF(_xlfn.SINGLE(Conversions[Key])="", "", (_xlfn.SINGLE(Conversions[Ratio]) * _xlfn.SINGLE(Conversions[To (Value)])) / _xlfn.SINGLE(Conversions[From (Value)])) -> 4.4266438
A35: =IF(Conversions[[#This Row],[From]]="", "", Conversions[[#This Row],[From]] & " (" & Conversions[[#This Row],[From (Unit)]] & ") to " & Conversions[[#This Row],[To]] & " (" & Conversions[[#This Row],[To (Unit)]] & ")") -> NH₄ (g/mol) to N (g/mol) | B35: 1 | C35: 14.007 | D35: g/mol | E35: N | F35: Nitrogen | G35: 18.039 | H35: g/mol | I35: NH₄ | J35: Ammonium | K35: =IF(_xlfn.SINGLE(Conversions[Key])="", "", (_xlfn.SINGLE(Conversions[Ratio]) * _xlfn.SINGLE(Conversions[To (Value)])) / _xlfn.SINGLE(Conversions[From (Value)])) -> 0.77648428
A36: =IF(Conversions[[#This Row],[From]]="", "", Conversions[[#This Row],[From]] & " (" & Conversions[[#This Row],[From (Unit)]] & ") to " & Conversions[[#This Row],[To]] & " (" & Conversions[[#This Row],[To (Unit)]] & ")") -> NO₃ (g/mol) to N (g/mol) | B36: 1 | C36: 14.007 | D36: g/mol | E36: N | F36: Nitrogen | G36: 62.004 | H36: g/mol | I36: NO₃ | J36: Nitrate | K36: =IF(_xlfn.SINGLE(Conversions[Key])="", "", (_xlfn.SINGLE(Conversions[Ratio]) * _xlfn.SINGLE(Conversions[To (Value)])) / _xlfn.SINGLE(Conversions[From (Value)])) -> 0.22590478
A37: =IF(Conversions[[#This Row],[From]]="", "", Conversions[[#This Row],[From]] & " (" & Conversions[[#This Row],[From (Unit)]] & ") to " & Conversions[[#This Row],[To]] & " (" & Conversions[[#This Row],[To (Unit)]] & ")") -> P₂O₅ (g/mol) to P (g/mol) | B37: 2 | C37: 30.97 | D37: g/mol | E37: P | F37: Phosphorus | G37: 141.94 | H37: g/mol | I37: P₂O₅ | J37: Phosphorus Pentoxide | K37: =IF(_xlfn.SINGLE(Conversions[Key])="", "", (_xlfn.SINGLE(Conversions[Ratio]) * _xlfn.SINGLE(Conversions[To (Value)])) / _xlfn.SINGLE(Conversions[From (Value)])) -> 0.43638157
A38: =IF(Conversions[[#This Row],[From]]="", "", Conversions[[#This Row],[From]] & " (" & Conversions[[#This Row],[From (Unit)]] & ") to " & Conversions[[#This Row],[To]] & " (" & Conversions[[#This Row],[To (Unit)]] & ")") -> SO₄²⁻ (g/mol) to S (g/mol) | B38: 1 | C38: 32.06 | D38: g/mol | E38: S | F38: Sulfur | G38: 96.06 | H38: g/mol | I38: SO₄²⁻ | J38: Sulfate Ion | K38: =IF(_xlfn.SINGLE(Conversions[Key])="", "", (_xlfn.SINGLE(Conversions[Ratio]) * _xlfn.SINGLE(Conversions[To (Value)])) / _xlfn.SINGLE(Conversions[From (Value)])) -> 0.33374974

Sheet Procedures
A10: Id | B10: Group | C10: Type | D10: Name | E10: Description | F10: Link to Steps
A11: 1 | B11: pH Adjustments | C11: default-ph | D11: General Hydroponics pH Up Adjustment | E11: General Hydroponics pH Up Adjustment
A12: 2 | B12: Seed Scarification | C12: default-ss | D12: 3% H2O2 Seed Scarification | E12: 3% H2O2 Seed Scarification
A13: 3 | B13: Water Sterilization | C13: default-ws | D13: Added 3% H2O2 for O2 | E13: Added 3% H2O2 for O2

Sheet Containers
D1: Cube
D2: Cylinder
D3: Vase
A10: Jar | B10: Name | C10: Volume (mL) | D10: Shape | E10: Tapered Top | F10: Outer Width (mm) | G10: Outer Height (mm) | H10: Inner Lid Diameter (mm)
A11: Half-Gallon Ball Mason Jar | B11: Half-Gallon Ball Mason Jar | C11: 1892.7 | D11: Cylinder | E11: 1
A12: Cylindrical Olive Jar | B12: Cylindrical Olive Jar | C12: 371 | D12: Cylinder | E12: 0 | F12: 69 | G12: 110 | H12: 55
A13: Jelly Jar, Cube Shape | B13: Stonewall Kitchen Wild Maine Blueberry Jam | C13: 354 | D13: Cube | E13: 1 | F13: 72 | G13: 96 | H13: 53
A14: Smucker's Sugar Free Jam Jar | B14: Smucker's Sugar Free Jam Jar | C14: 361 | D14: Cylinder | E14: 1 | F14: 70 | G14: 125 | H14: 50
A15: Dr. Schroeder's 250ml Jar | B15: Dr. Schroeder's 250ml Jar | C15: 250 | D15: Vase | E15: 1

Sheet Fertilizers
A1: All values are percentages.
J9: Nitrate | K9: Ammonium | M9: Nitrate | N9: Ammonium | O9: Urea | P9: Available Phosphate | Q9: Soluble Potash
A10: Fertilizer | B10: Updated | C10: Name | D10: Chemical Formula | E10: Hazard Statements | F10: Molar Mass (g/mol) | G10: N (%) | H10: P (%) | I10: K (%) | J10: NO₃ (%) | K10: C:NH₄ (%) | L10: Total N (%) | M10: NO₃ (%/N) | N10: NH₄ (%/N) | O10: CO(NH₂)₂ (%/N) | P10: P₂O₅ (%) | Q10: K₂O (%) | R10: Ca (%) | S10: Mg (%) | T10: S (%) | U10: B (%) | V10: Cu (%) | W10: Fe (%) | X10: Mn (%) | Y10: Mo (%) | Z10: Zn (%) | AA10: Ni (%) | AB10: Cl (%) | AC10: Na (%) | AD10: Si (%) | AE10: Co (%) | AF10: I (%) | AG10: Se (%) | AH10: Al (%)
A11: Monopotassium Phosphate | B11: 2026-10-10 | C11: Monopotassium Phosphate | D11: KH₂PO₄ | E11: Warning. Irritant: causes skin irritation, causes serious eye irritation. | F11: 136.086 | G11: =IF(Fertilizers[[#This Row],[Total N (%)]]="", "", (Fertilizers[[#This Row],[NO₃ (%)]] * _xlfn.XLOOKUP("NO₃ (g/mol) to N (g/mol)", Conversions[Key], Conversions[Multiply By]) + Fertilizers[[#This Row],[C:NH₄ (%)]] * _xlfn.XLOOKUP("NH₄ (g/mol) to N (g/mol)", Conversions[Key], Conversions[Multiply By]))) -> 0 | H11: =IF(Fertilizers[[#This Row],[P₂O₅ (%)]]="", "", Fertilizers[[#This Row],[P₂O₅ (%)]] * _xlfn.XLOOKUP("P₂O₅ (g/mol) to P (g/mol)", Conversions[Key], Conversions[Multiply By])) -> 22.757299 | I11: =IF(Fertilizers[[#This Row],[K₂O (%)]]="", "", Fertilizers[[#This Row],[K₂O (%)]] * _xlfn.XLOOKUP("K₂O (g/mol) to K (g/mol)", Conversions[Key], Conversions[Multiply By])) -> 28.731444 | J11: =IF(Fertilizers[[#This Row],[Total N (%)]]="", "", IF(Fertilizers[[#This Row],[Total N (%)]]=0, 0, Fertilizers[[#This Row],[Total N (%)]] * _xlfn.XLOOKUP("N (g/mol) to NO₃ (g/mol)", Conversions[Key], Conversions[Multiply By]) * (Fertilizers[[#This Row],[NO₃ (%/N)]] / Fertilizers[[#This Row],[Total N (%)]]))) -> 0 | K11: =IF(Fertilizers[[#This Row],[Total N (%)]]="", "", IF(Fertilizers[[#This Row],[Total N (%)]]=0, 0, Fertilizers[[#This Row],[Total N (%)]] * _xlfn.XLOOKUP("N (g/mol) to NH₄ (g/mol)", Conversions[Key], Conversions[Multiply By]) * (Fertilizers[[#This Row],[NH₄ (%/N)]] / Fertilizers[[#This Row],[Total N (%)]]))) -> 0 | L11: 0 | M11: 0 | N11: 0 | O11: 0 | P11: 52.15 | Q11: 34.61 | R11: 0 | S11: 0 | T11: 0 | U11: 0 | V11: 0 | W11: 0 | X11: 0 | Y11: 0 | Z11: 0 | AA11: 0 | AB11: 0 | AC11: 0 | AD11: 0 | AE11: 0 | AF11: 0 | AG11: 0 | AH11: 0
A12: Potassium Chloride | B12: 2026-10-10 | C12: Potassium Chloride | D12: KCl | E12: Non-Hazardous | F12: 74.55 | G12: =IF(Fertilizers[[#This Row],[Total N (%)]]="", "", (Fertilizers[[#This Row],[NO₃ (%)]] * _xlfn.XLOOKUP("NO₃ (g/mol) to N (g/mol)", Conversions[Key], Conversions[Multiply By]) + Fertilizers[[#This Row],[C:NH₄ (%)]] * _xlfn.XLOOKUP("NH₄ (g/mol) to N (g/mol)", Conversions[Key], Conversions[Multiply By]))) -> 0 | H12: =IF(Fertilizers[[#This Row],[P₂O₅ (%)]]="", "", Fertilizers[[#This Row],[P₂O₅ (%)]] * _xlfn.XLOOKUP("P₂O₅ (g/mol) to P (g/mol)", Conversions[Key], Conversions[Multiply By])) -> 0 | I12: =IF(Fertilizers[[#This Row],[K₂O (%)]]="", "", Fertilizers[[#This Row],[K₂O (%)]] * _xlfn.XLOOKUP("K₂O (g/mol) to K (g/mol)", Conversions[Key], Conversions[Multiply By])) -> 52.440488 | J12: =IF(Fertilizers[[#This Row],[Total N (%)]]="", "", IF(Fertilizers[[#This Row],[Total N (%)]]=0, 0, Fertilizers[[#This Row],[Total N (%)]] * _xlfn.XLOOKUP("N (g/mol) to NO₃ (g/mol)", Conversions[Key], Conversions[Multiply By]) * (Fertilizers[[#This Row],[NO₃ (%/N)]] / Fertilizers[[#This Row],[Total N (%)]]))) -> 0 | K12: =IF(Fertilizers[[#This Row],[Total N (%)]]="", "", IF(Fertilizers[[#This Row],[Total N (%)]]=0, 0, Fertilizers[[#This Row],[Total N (%)]] * _xlfn.XLOOKUP("N (g/mol) to NH₄ (g/mol)", Conversions[Key], Conversions[Multiply By]) * (Fertilizers[[#This Row],[NH₄ (%/N)]] / Fertilizers[[#This Row],[Total N (%)]]))) -> 0 | L12: 0 | M12: 0 | N12: 0 | O12: 0 | P12: 0 | Q12: 63.17 | R12: 0 | S12: 0 | T12: 0 | U12: 0 | V12: 0 | W12: 0 | X12: 0 | Y12: 0 | Z12: 0 | AA12: 0 | AB12: 47.55 | AC12: 0 | AD12: 0 | AE12: 0 | AF12: 0 | AG12: 0 | AH12: 0
A13: Potassium Silicate | B13: 2026-10-10 | C13: Potassium Silicate | D13: K₂SiO₃ | E13: Danger: corrosive, irritant. | F13: 154.279 | G13: =IF(Fertilizers[[#This Row],[Total N (%)]]="", "", (Fertilizers[[#This Row],[NO₃ (%)]] * _xlfn.XLOOKUP("NO₃ (g/mol) to N (g/mol)", Conversions[Key], Conversions[Multiply By]) + Fertilizers[[#This Row],[C:NH₄ (%)]] * _xlfn.XLOOKUP("NH₄ (g/mol) to N (g/mol)", Conversions[Key], Conversions[Multiply By]))) -> 0 | H13: =IF(Fertilizers[[#This Row],[P₂O₅ (%)]]="", "", Fertilizers[[#This Row],[P₂O₅ (%)]] * _xlfn.XLOOKUP("P₂O₅ (g/mol) to P (g/mol)", Conversions[Key], Conversions[Multiply By])) -> 0 | I13: =IF(Fertilizers[[#This Row],[K₂O (%)]]="", "", Fertilizers[[#This Row],[K₂O (%)]] * _xlfn.XLOOKUP("K₂O (g/mol) to K (g/mol)", Conversions[Key], Conversions[Multiply By])) -> 25.402548 | J13: =IF(Fertilizers[[#This Row],[Total N (%)]]="", "", IF(Fertilizers[[#This Row],[Total N (%)]]=0, 0, Fertilizers[[#This Row],[Total N (%)]] * _xlfn.XLOOKUP("N (g/mol) to NO₃ (g/mol)", Conversions[Key], Conversions[Multiply By]) * (Fertilizers[[#This Row],[NO₃ (%/N)]] / Fertilizers[[#This Row],[Total N (%)]]))) -> 0 | K13: =IF(Fertilizers[[#This Row],[Total N (%)]]="", "", IF(Fertilizers[[#This Row],[Total N (%)]]=0, 0, Fertilizers[[#This Row],[Total N (%)]] * _xlfn.XLOOKUP("N (g/mol) to NH₄ (g/mol)", Conversions[Key], Conversions[Multiply By]) * (Fertilizers[[#This Row],[NH₄ (%/N)]] / Fertilizers[[#This Row],[Total N (%)]]))) -> 0 | L13: 0 | M13: 0 | N13: 0 | O13: 0 | P13: 0 | Q13: 30.6 | R13: 0 | S13: 0 | T13: 0 | U13: 0 | V13: 0 | W13: 0 | X13: 0 | Y13: 0 | Z13: 0 | AA13: 0 | AB13: 0 | AC13: 0 | AD13: 18.23 | AE13: 0 | AF13: 0 | AG13: 0 | AH13: 0
A14: Potassium Sulfate | B14: 2026-10-10 | C14: Potassium Sulfate | D14: K₂SO₄ | E14: Warning: irritant. | F14: 174.25 | G14: =IF(Fertilizers[[#This Row],[Total N (%)]]="", "", (Fertilizers[[#This Row],[NO₃ (%)]] * _xlfn.XLOOKUP("NO₃ (g/mol) to N (g/mol)", Conversions[Key], Conversions[Multiply By]) + Fertilizers[[#This Row],[C:NH₄ (%)]] * _xlfn.XLOOKUP("NH₄ (g/mol) to N (g/mol)", Conversions[Key], Conversions[Multiply By]))) -> 0 | H14: =IF(Fertilizers[[#This Row],[P₂O₅ (%)]]="", "", Fertilizers[[#This Row],[P₂O₅ (%)]] * _xlfn.XLOOKUP("P₂O₅ (g/mol) to P (g/mol)", Conversions[Key], Conversions[Multiply By])) -> 0 | I14: =IF(Fertilizers[[#This Row],[K₂O (%)]]="", "", Fertilizers[[#This Row],[K₂O (%)]] * _xlfn.XLOOKUP("K₂O (g/mol) to K (g/mol)", Conversions[Key], Conversions[Multiply By])) -> 44.869533 | J14: =IF(Fertilizers[[#This Row],[Total N (%)]]="", "", IF(Fertilizers[[#This Row],[Total N (%)]]=0, 0, Fertilizers[[#This Row],[Total N (%)]] * _xlfn.XLOOKUP("N (g/mol) to NO₃ (g/mol)", Conversions[Key], Conversions[Multiply By]) * (Fertilizers[[#This Row],[NO₃ (%/N)]] / Fertilizers[[#This Row],[Total N (%)]]))) -> 0 | K14: =IF(Fertilizers[[#This Row],[Total N (%)]]="", "", IF(Fertilizers[[#This Row],[Total N (%)]]=0, 0, Fertilizers[[#This Row],[Total N (%)]] * _xlfn.XLOOKUP("N (g/mol) to NH₄ (g/mol)", Conversions[Key], Conversions[Multiply By]) * (Fertilizers[[#This Row],[NH₄ (%/N)]] / Fertilizers[[#This Row],[Total N (%)]]))) -> 0 | L14: 0 | M14: 0 | N14: 0 | O14: 0 | P14: 0 | Q14: 54.05 | R14: 0 | S14: 0 | T14: 18.4 | U14: 0 | V14: 0 | W14: 0 | X14: 0 | Y14: 0 | Z14: 0 | AA14: 0 | AB14: 0 | AC14: 0 | AD14: 0 | AE14: 0 | AF14: 0 | AG14: 0 | AH14: 0
A15: Potassium Nitrate | B15: 2026-10-10 | C15: Potassium Nitrate | D15: KNO₃ | E15: Warning: oxidizer, irritant. | F15: 101.102 | G15: =IF(Fertilizers[[#This Row],[Total N (%)]]="", "", (Fertilizers[[#This Row],[NO₃ (%)]] * _xlfn.XLOOKUP("NO₃ (g/mol) to N (g/mol)", Conversions[Key], Conversions[Multiply By]) + Fertilizers[[#This Row],[C:NH₄ (%)]] * _xlfn.XLOOKUP("NH₄ (g/mol) to N (g/mol)", Conversions[Key], Conversions[Multiply By]))) -> 13.85 | H15: =IF(Fertilizers[[#This Row],[P₂O₅ (%)]]="", "", Fertilizers[[#This Row],[P₂O₅ (%)]] * _xlfn.XLOOKUP("P₂O₅ (g/mol) to P (g/mol)", Conversions[Key], Conversions[Multiply By])) -> 0 | I15: =IF(Fertilizers[[#This Row],[K₂O (%)]]="", "", Fertilizers[[#This Row],[K₂O (%)]] * _xlfn.XLOOKUP("K₂O (g/mol) to K (g/mol)", Conversions[Key], Conversions[Multiply By])) -> 38.668323 | J15: =IF(Fertilizers[[#This Row],[Total N (%)]]="", "", IF(Fertilizers[[#This Row],[Total N (%)]]=0, 0, Fertilizers[[#This Row],[Total N (%)]] * _xlfn.XLOOKUP("N (g/mol) to NO₃ (g/mol)", Conversions[Key], Conversions[Multiply By]) * (Fertilizers[[#This Row],[NO₃ (%/N)]] / Fertilizers[[#This Row],[Total N (%)]]))) -> 61.309017 | K15: =IF(Fertilizers[[#This Row],[Total N (%)]]="", "", IF(Fertilizers[[#This Row],[Total N (%)]]=0, 0, Fertilizers[[#This Row],[Total N (%)]] * _xlfn.XLOOKUP("N (g/mol) to NH₄ (g/mol)", Conversions[Key], Conversions[Multiply By]) * (Fertilizers[[#This Row],[NH₄ (%/N)]] / Fertilizers[[#This Row],[Total N (%)]]))) -> 0 | L15: 13.85 | M15: 13.85 | N15: 0 | O15: 0 | P15: 0 | Q15: 46.58 | R15: 0 | S15: 0 | T15: 0 | U15: 0 | V15: 0 | W15: 0 | X15: 0 | Y15: 0 | Z15: 0 | AA15: 0 | AB15: 0 | AC15: 0 | AD15: 0 | AE15: 0 | AF15: 0 | AG15: 0 | AH15: 0
A16: Calcium Nitrate | B16: 2026-10-10 | C16: Calcium Nitrate Tetrahydrate | D16: Ca(NO₃)₂ · 4H₂O | E16: Danger: oxidizer, corrosive, irritant. | F16: 236.15 | G16: =IF(Fertilizers[[#This Row],[Total N (%)]]="", "", (Fertilizers[[#This Row],[NO₃ (%)]] * _xlfn.XLOOKUP("NO₃ (g/mol) to N (g/mol)", Conversions[Key], Conversions[Multiply By]) + Fertilizers[[#This Row],[C:NH₄ (%)]] * _xlfn.XLOOKUP("NH₄ (g/mol) to N (g/mol)", Conversions[Key], Conversions[Multiply By]))) -> 11.862545 | H16: =IF(Fertilizers[[#This Row],[P₂O₅ (%)]]="", "", Fertilizers[[#This Row],[P₂O₅ (%)]] * _xlfn.XLOOKUP("P₂O₅ (g/mol) to P (g/mol)", Conversions[Key], Conversions[Multiply By])) -> 0 | I16: =IF(Fertilizers[[#This Row],[K₂O (%)]]="", "", Fertilizers[[#This Row],[K₂O (%)]] * _xlfn.XLOOKUP("K₂O (g/mol) to K (g/mol)", Conversions[Key], Conversions[Multiply By])) -> 0 | J16: =IF(Fertilizers[[#This Row],[Total N (%)]]="", "", IF(Fertilizers[[#This Row],[Total N (%)]]=0, 0, Fertilizers[[#This Row],[Total N (%)]] * _xlfn.XLOOKUP("N (g/mol) to NO₃ (g/mol)", Conversions[Key], Conversions[Multiply By]) * (Fertilizers[[#This Row],[NO₃ (%/N)]] / Fertilizers[[#This Row],[Total N (%)]]))) -> 52.511261 | K16: =IF(Fertilizers[[#This Row],[Total N (%)]]="", "", IF(Fertilizers[[#This Row],[Total N (%)]]=0, 0, Fertilizers[[#This Row],[Total N (%)]] * _xlfn.XLOOKUP("N (g/mol) to NH₄ (g/mol)", Conversions[Key], Conversions[Multiply By]) * (Fertilizers[[#This Row],[NH₄ (%/N)]] / Fertilizers[[#This Row],[Total N (%)]]))) -> 0 | L16: 11.862545 | M16: 11.862545 | N16: 0 | O16: 0 | P16: 0 | Q16: 0 | R16: 16.971416 | S16: 0 | T16: 0 | U16: 0 | V16: 0 | W16: 0 | X16: 0 | Y16: 0 | Z16: 0 | AA16: 0 | AB16: 0 | AC16: 0 | AD16: 0 | AE16: 0 | AF16: 0 | AG16: 0 | AH16: 0
A17: Epsom Salt | B17: 2026-10-10 | C17: Magnesium Sulfate Heptahydrate | D17: MgSO₄ · 7H₂O | E17: Non-Hazardous | F17: 246.47 | G17: =IF(Fertilizers[[#This Row],[Total N (%)]]="", "", (Fertilizers[[#This Row],[NO₃ (%)]] * _xlfn.XLOOKUP("NO₃ (g/mol) to N (g/mol)", Conversions[Key], Conversions[Multiply By]) + Fertilizers[[#This Row],[C:NH₄ (%)]] * _xlfn.XLOOKUP("NH₄ (g/mol) to N (g/mol)", Conversions[Key], Conversions[Multiply By]))) -> 0 | H17: =IF(Fertilizers[[#This Row],[P₂O₅ (%)]]="", "", Fertilizers[[#This Row],[P₂O₅ (%)]] * _xlfn.XLOOKUP("P₂O₅ (g/mol) to P (g/mol)", Conversions[Key], Conversions[Multiply By])) -> 0 | I17: =IF(Fertilizers[[#This Row],[K₂O (%)]]="", "", Fertilizers[[#This Row],[K₂O (%)]] * _xlfn.XLOOKUP("K₂O (g/mol) to K (g/mol)", Conversions[Key], Conversions[Multiply By])) -> 0 | J17: =IF(Fertilizers[[#This Row],[Total N (%)]]="", "", IF(Fertilizers[[#This Row],[Total N (%)]]=0, 0, Fertilizers[[#This Row],[Total N (%)]] * _xlfn.XLOOKUP("N (g/mol) to NO₃ (g/mol)", Conversions[Key], Conversions[Multiply By]) * (Fertilizers[[#This Row],[NO₃ (%/N)]] / Fertilizers[[#This Row],[Total N (%)]]))) -> 0 | K17: =IF(Fertilizers[[#This Row],[Total N (%)]]="", "", IF(Fertilizers[[#This Row],[Total N (%)]]=0, 0, Fertilizers[[#This Row],[Total N (%)]] * _xlfn.XLOOKUP("N (g/mol) to NH₄ (g/mol)", Conversions[Key], Conversions[Multiply By]) * (Fertilizers[[#This Row],[NH₄ (%/N)]] / Fertilizers[[#This Row],[Total N (%)]]))) -> 0 | L17: 0 | M17: 0 | N17: 0 | O17: 0 | P17: 0 | Q17: 0 | R17: 0 | S17: 9.86 | T17: 13.01 | U17: 0 | V17: 0 | W17: 0 | X17: 0 | Y17: 0 | Z17: 0 | AA17: 0 | AB17: 0 | AC17: 0 | AD17: 0 | AE17: 0 | AF17: 0 | AG17: 0 | AH17: 0
A18: 12-4-16 | B18: 2026-10-10 | C18: Jack's Nutrients 12-4-16 RO | G18: =IF(Fertilizers[[#This Row],[Total N (%)]]="", "", (Fertilizers[[#This Row],[NO₃ (%)]] * _xlfn.XLOOKUP("NO₃ (g/mol) to N (g/mol)", Conversions[Key], Conversions[Multiply By]) + Fertilizers[[#This Row],[C:NH₄ (%)]] * _xlfn.XLOOKUP("NH₄ (g/mol) to N (g/mol)", Conversions[Key], Conversions[Multiply By]))) -> 12 | H18: =IF(Fertilizers[[#This Row],[P₂O₅ (%)]]="", "", Fertilizers[[#This Row],[P₂O₅ (%)]] * _xlfn.XLOOKUP("P₂O₅ (g/mol) to P (g/mol)", Conversions[Key], Conversions[Multiply By])) -> 1.7455263 | I18: =IF(Fertilizers[[#This Row],[K₂O (%)]]="", "", Fertilizers[[#This Row],[K₂O (%)]] * _xlfn.XLOOKUP("K₂O (g/mol) to K (g/mol)", Conversions[Key], Conversions[Multiply By])) -> 13.282378 | J18: =IF(Fertilizers[[#This Row],[Total N (%)]]="", "", IF(Fertilizers[[#This Row],[Total N (%)]]=0, 0, Fertilizers[[#This Row],[Total N (%)]] * _xlfn.XLOOKUP("N (g/mol) to NO₃ (g/mol)", Conversions[Key], Conversions[Multiply By]) * (Fertilizers[[#This Row],[NO₃ (%/N)]] / Fertilizers[[#This Row],[Total N (%)]]))) -> 52.234397 | K18: =IF(Fertilizers[[#This Row],[Total N (%)]]="", "", IF(Fertilizers[[#This Row],[Total N (%)]]=0, 0, Fertilizers[[#This Row],[Total N (%)]] * _xlfn.XLOOKUP("N (g/mol) to NH₄ (g/mol)", Conversions[Key], Conversions[Multiply By]) * (Fertilizers[[#This Row],[NH₄ (%/N)]] / Fertilizers[[#This Row],[Total N (%)]]))) -> 0.25757121 | L18: 12 | M18: 11.8 | N18: 0.2 | O18: 0 | P18: 4 | Q18: 16 | R18: 7 | S18: 2 | T18: 0 | U18: 0.02 | V18: 0.02 | W18: 0.15 | X18: 0.05 | Y18: 0.001 | Z18: 0.035 | AA18: 0 | AB18: 0 | AC18: 0 | AD18: 0 | AE18: 0 | AF18: 0 | AG18: 0 | AH18: 0
A19: 10-5-14 | B19: 2026-10-10 | C19: GH MaxiGro 10-5-14 | G19: =IF(Fertilizers[[#This Row],[Total N (%)]]="", "", (Fertilizers[[#This Row],[NO₃ (%)]] * _xlfn.XLOOKUP("NO₃ (g/mol) to N (g/mol)", Conversions[Key], Conversions[Multiply By]) + Fertilizers[[#This Row],[C:NH₄ (%)]] * _xlfn.XLOOKUP("NH₄ (g/mol) to N (g/mol)", Conversions[Key], Conversions[Multiply By]))) -> 10 | H19: =IF(Fertilizers[[#This Row],[P₂O₅ (%)]]="", "", Fertilizers[[#This Row],[P₂O₅ (%)]] * _xlfn.XLOOKUP("P₂O₅ (g/mol) to P (g/mol)", Conversions[Key], Conversions[Multiply By])) -> 2.1819078 | I19: =IF(Fertilizers[[#This Row],[K₂O (%)]]="", "", Fertilizers[[#This Row],[K₂O (%)]] * _xlfn.XLOOKUP("K₂O (g/mol) to K (g/mol)", Conversions[Key], Conversions[Multiply By])) -> 11.622081 | J19: =IF(Fertilizers[[#This Row],[Total N (%)]]="", "", IF(Fertilizers[[#This Row],[Total N (%)]]=0, 0, Fertilizers[[#This Row],[Total N (%)]] * _xlfn.XLOOKUP("N (g/mol) to NO₃ (g/mol)", Conversions[Key], Conversions[Multiply By]) * (Fertilizers[[#This Row],[NO₃ (%/N)]] / Fertilizers[[#This Row],[Total N (%)]]))) -> 37.626472 | K19: =IF(Fertilizers[[#This Row],[Total N (%)]]="", "", IF(Fertilizers[[#This Row],[Total N (%)]]=0, 0, Fertilizers[[#This Row],[Total N (%)]] * _xlfn.XLOOKUP("N (g/mol) to NH₄ (g/mol)", Conversions[Key], Conversions[Multiply By]) * (Fertilizers[[#This Row],[NH₄ (%/N)]] / Fertilizers[[#This Row],[Total N (%)]]))) -> 1.9317841 | L19: 10 | M19: 8.5 | N19: 1.5 | O19: 0 | P19: 5 | Q19: 14 | R19: 6 | S19: 2 | T19: 3 | U19: 0 | V19: 0 | W19: 0.12 | X19: 0.05 | Y19: 0 | Z19: 0 | AA19: 0 | AB19: 0 | AC19: 0 | AD19: 0 | AE19: 0 | AF19: 0 | AG19: 0 | AH19: 0
G20: =IF(Fertilizers[[#This Row],[Total N (%)]]="", "", (Fertilizers[[#This Row],[NO₃ (%)]] * _xlfn.XLOOKUP("NO₃ (g/mol) to N (g/mol)", Conversions[Key], Conversions[Multiply By]) + Fertilizers[[#This Row],[C:NH₄ (%)]] * _xlfn.XLOOKUP("NH₄ (g/mol) to N (g/mol)", Conversions[Key], Conversions[Multiply By]))) | H20: =IF(Fertilizers[[#This Row],[P₂O₅ (%)]]="", "", Fertilizers[[#This Row],[P₂O₅ (%)]] * _xlfn.XLOOKUP("P₂O₅ (g/mol) to P (g/mol)", Conversions[Key], Conversions[Multiply By])) | I20: =IF(Fertilizers[[#This Row],[K₂O (%)]]="", "", Fertilizers[[#This Row],[K₂O (%)]] * _xlfn.XLOOKUP("K₂O (g/mol) to K (g/mol)", Conversions[Key], Conversions[Multiply By])) | J20: =IF(Fertilizers[[#This Row],[Total N (%)]]="", "", IF(Fertilizers[[#This Row],[Total N (%)]]=0, 0, Fertilizers[[#This Row],[Total N (%)]] * _xlfn.XLOOKUP("N (g/mol) to NO₃ (g/mol)", Conversions[Key], Conversions[Multiply By]) * (Fertilizers[[#This Row],[NO₃ (%/N)]] / Fertilizers[[#This Row],[Total N (%)]]))) | K20: =IF(Fertilizers[[#This Row],[Total N (%)]]="", "", IF(Fertilizers[[#This Row],[Total N (%)]]=0, 0, Fertilizers[[#This Row],[Total N (%)]] * _xlfn.XLOOKUP("N (g/mol) to NH₄ (g/mol)", Conversions[Key], Conversions[Multiply By]) * (Fertilizers[[#This Row],[NH₄ (%/N)]] / Fertilizers[[#This Row],[Total N (%)]])))
G21: =IF(Fertilizers[[#This Row],[Total N (%)]]="", "", (Fertilizers[[#This Row],[NO₃ (%)]] * _xlfn.XLOOKUP("NO₃ (g/mol) to N (g/mol)", Conversions[Key], Conversions[Multiply By]) + Fertilizers[[#This Row],[C:NH₄ (%)]] * _xlfn.XLOOKUP("NH₄ (g/mol) to N (g/mol)", Conversions[Key], Conversions[Multiply By]))) | H21: =IF(Fertilizers[[#This Row],[P₂O₅ (%)]]="", "", Fertilizers[[#This Row],[P₂O₅ (%)]] * _xlfn.XLOOKUP("P₂O₅ (g/mol) to P (g/mol)", Conversions[Key], Conversions[Multiply By])) | I21: =IF(Fertilizers[[#This Row],[K₂O (%)]]="", "", Fertilizers[[#This Row],[K₂O (%)]] * _xlfn.XLOOKUP("K₂O (g/mol) to K (g/mol)", Conversions[Key], Conversions[Multiply By])) | J21: =IF(Fertilizers[[#This Row],[Total N (%)]]="", "", IF(Fertilizers[[#This Row],[Total N (%)]]=0, 0, Fertilizers[[#This Row],[Total N (%)]] * _xlfn.XLOOKUP("N (g/mol) to NO₃ (g/mol)", Conversions[Key], Conversions[Multiply By]) * (Fertilizers[[#This Row],[NO₃ (%/N)]] / Fertilizers[[#This Row],[Total N (%)]]))) | K21: =IF(Fertilizers[[#This Row],[Total N (%)]]="", "", IF(Fertilizers[[#This Row],[Total N (%)]]=0, 0, Fertilizers[[#This Row],[Total N (%)]] * _xlfn.XLOOKUP("N (g/mol) to NH₄ (g/mol)", Conversions[Key], Conversions[Multiply By]) * (Fertilizers[[#This Row],[NH₄ (%/N)]] / Fertilizers[[#This Row],[Total N (%)]])))
G22: =IF(Fertilizers[[#This Row],[Total N (%)]]="", "", (Fertilizers[[#This Row],[NO₃ (%)]] * _xlfn.XLOOKUP("NO₃ (g/mol) to N (g/mol)", Conversions[Key], Conversions[Multiply By]) + Fertilizers[[#This Row],[C:NH₄ (%)]] * _xlfn.XLOOKUP("NH₄ (g/mol) to N (g/mol)", Conversions[Key], Conversions[Multiply By]))) | H22: =IF(Fertilizers[[#This Row],[P₂O₅ (%)]]="", "", Fertilizers[[#This Row],[P₂O₅ (%)]] * _xlfn.XLOOKUP("P₂O₅ (g/mol) to P (g/mol)", Conversions[Key], Conversions[Multiply By])) | I22: =IF(Fertilizers[[#This Row],[K₂O (%)]]="", "", Fertilizers[[#This Row],[K₂O (%)]] * _xlfn.XLOOKUP("K₂O (g/mol) to K (g/mol)", Conversions[Key], Conversions[Multiply By])) | J22: =IF(Fertilizers[[#This Row],[Total N (%)]]="", "", IF(Fertilizers[[#This Row],[Total N (%)]]=0, 0, Fertilizers[[#This Row],[Total N (%)]] * _xlfn.XLOOKUP("N (g/mol) to NO₃ (g/mol)", Conversions[Key], Conversions[Multiply By]) * (Fertilizers[[#This Row],[NO₃ (%/N)]] / Fertilizers[[#This Row],[Total N (%)]]))) | K22: =IF(Fertilizers[[#This Row],[Total N (%)]]="", "", IF(Fertilizers[[#This Row],[Total N (%)]]=0, 0, Fertilizers[[#This Row],[Total N (%)]] * _xlfn.XLOOKUP("N (g/mol) to NH₄ (g/mol)", Conversions[Key], Conversions[Multiply By]) * (Fertilizers[[#This Row],[NH₄ (%/N)]] / Fertilizers[[#This Row],[Total N (%)]])))
G23: =IF(Fertilizers[[#This Row],[Total N (%)]]="", "", (Fertilizers[[#This Row],[NO₃ (%)]] * _xlfn.XLOOKUP("NO₃ (g/mol) to N (g/mol)", Conversions[Key], Conversions[Multiply By]) + Fertilizers[[#This Row],[C:NH₄ (%)]] * _xlfn.XLOOKUP("NH₄ (g/mol) to N (g/mol)", Conversions[Key], Conversions[Multiply By]))) | H23: =IF(Fertilizers[[#This Row],[P₂O₅ (%)]]="", "", Fertilizers[[#This Row],[P₂O₅ (%)]] * _xlfn.XLOOKUP("P₂O₅ (g/mol) to P (g/mol)", Conversions[Key], Conversions[Multiply By])) | I23: =IF(Fertilizers[[#This Row],[K₂O (%)]]="", "", Fertilizers[[#This Row],[K₂O (%)]] * _xlfn.XLOOKUP("K₂O (g/mol) to K (g/mol)", Conversions[Key], Conversions[Multiply By])) | J23: =IF(Fertilizers[[#This Row],[Total N (%)]]="", "", IF(Fertilizers[[#This Row],[Total N (%)]]=0, 0, Fertilizers[[#This Row],[Total N (%)]] * _xlfn.XLOOKUP("N (g/mol) to NO₃ (g/mol)", Conversions[Key], Conversions[Multiply By]) * (Fertilizers[[#This Row],[NO₃ (%/N)]] / Fertilizers[[#This Row],[Total N (%)]]))) | K23: =IF(Fertilizers[[#This Row],[Total N (%)]]="", "", IF(Fertilizers[[#This Row],[Total N (%)]]=0, 0, Fertilizers[[#This Row],[Total N (%)]] * _xlfn.XLOOKUP("N (g/mol) to NH₄ (g/mol)", Conversions[Key], Conversions[Multiply By]) * (Fertilizers[[#This Row],[NH₄ (%/N)]] / Fertilizers[[#This Row],[Total N (%)]])))
G24: =IF(Fertilizers[[#This Row],[Total N (%)]]="", "", (Fertilizers[[#This Row],[NO₃ (%)]] * _xlfn.XLOOKUP("NO₃ (g/mol) to N (g/mol)", Conversions[Key], Conversions[Multiply By]) + Fertilizers[[#This Row],[C:NH₄ (%)]] * _xlfn.XLOOKUP("NH₄ (g/mol) to N (g/mol)", Conversions[Key], Conversions[Multiply By]))) | H24: =IF(Fertilizers[[#This Row],[P₂O₅ (%)]]="", "", Fertilizers[[#This Row],[P₂O₅ (%)]] * _xlfn.XLOOKUP("P₂O₅ (g/mol) to P (g/mol)", Conversions[Key], Conversions[Multiply By])) | I24: =IF(Fertilizers[[#This Row],[K₂O (%)]]="", "", Fertilizers[[#This Row],[K₂O (%)]] * _xlfn.XLOOKUP("K₂O (g/mol) to K (g/mol)", Conversions[Key], Conversions[Multiply By])) | J24: =IF(Fertilizers[[#This Row],[Total N (%)]]="", "", IF(Fertilizers[[#This Row],[Total N (%)]]=0, 0, Fertilizers[[#This Row],[Total N (%)]] * _xlfn.XLOOKUP("N (g/mol) to NO₃ (g/mol)", Conversions[Key], Conversions[Multiply By]) * (Fertilizers[[#This Row],[NO₃ (%/N)]] / Fertilizers[[#This Row],[Total N (%)]]))) | K24: =IF(Fertilizers[[#This Row],[Total N (%)]]="", "", IF(Fertilizers[[#This Row],[Total N (%)]]=0, 0, Fertilizers[[#This Row],[Total N (%)]] * _xlfn.XLOOKUP("N (g/mol) to NH₄ (g/mol)", Conversions[Key], Conversions[Multiply By]) * (Fertilizers[[#This Row],[NH₄ (%/N)]] / Fertilizers[[#This Row],[Total N (%)]])))

Sheet Solutions
H9: Nitrogen | I9: Phosphorus | J9: Potassium | K9: Calcium | L9: Magnesium | M9: Sulfur | N9: Iron | O9: Manganese | P9: Zinc | Q9: Boron | R9: Copper | S9: Molybdenum | T9: Nickel | U9: Chlorine | V9: Silicone | W9: Iodine | X9: Selenium | Y9: Cobalt | Z9: Aluminum | AA9: Sodium
A10: Name | B10: Source | C10: Unit | D10: EC (min) | E10: EC (max) | F10: pH (min) | G10: pH (max) | H10: N | I10: P | J10: K | K10: Ca | L10: Mg | M10: S | N10: Fe | O10: Mn | P10: Zn | Q10: B | R10: Cu | S10: Mo | T10: Ni | U10: Cl | V10: Si | W10: I | X10: Se | Y10: Co | Z10: Al | AA10: Na | AB10: Notes
A11: Modified Sonneveld's Solution | B11: Modified Sonneveld's Solution from Mattson N. & Peters, C. "A Recipe for Hydroponic Success" | C11: ppm | H11: 150 | I11: 31 | J11: 210 | K11: 90 | L11: 24 | N11: 1 | O11: 0.25 | P11: 0.13 | Q11: 0.16 | R11: 0.023 | S11: 0.024

Sheet Nutrients
A10: For | B10: Solution | C10: Season | D10: Active | E10: EC (min) | F10: EC (max) | G10: pH (min) | H10: pH (max) | I10: N | J10: P | K10: K | L10: Ca | M10: Mg | N10: S | O10: Fe | P10: Mn | Q10: Zn | R10: B | S10: Cu | T10: Mo | U10: Ni | V10: Cl | W10: Na | X10: Si | Y10: Co | Z10: I | AA10: Se | AB10: Al | AC10: Notes | AE10: For | AF10: Nutrient | AG10: Adjust By | AH10: Notes | AI10: Source
A11: Ocimum basilicum | B11: Modified Sonneveld's Solution | C11: Year-Round | D11: 1 | E11: =IFERROR(IF(Nutrients[[#This Row],[Solution]]="","",IF(AND(_xlfn.XLOOKUP(Nutrients[[#This Row],[Solution]],Solutions[Name],Solutions[EC (min)],"")="",COUNTIFS(Adjustments[For],Nutrients[[#This Row],[For]],Adjustments[Nutrient],"EC (min)")=0),"",IFERROR(VALUE(_xlfn.XLOOKUP(Nutrients[[#This Row],[Solution]],Solutions[Name],Solutions[EC (min)],"")),0)+SUMIFS(Adjustments[Adjust By],Adjustments[For],Nutrients[[#This Row],[For]],Adjustments[Nutrient],"EC (min)"))),"") -> 0.5 | F11: =IFERROR(IF(Nutrients[[#This Row],[Solution]]="","",IF(AND(_xlfn.XLOOKUP(Nutrients[[#This Row],[Solution]],Solutions[Name],Solutions[EC (max)],"")="",COUNTIFS(Adjustments[For],Nutrients[[#This Row],[For]],Adjustments[Nutrient],"EC (max)")=0),"",IFERROR(VALUE(_xlfn.XLOOKUP(Nutrients[[#This Row],[Solution]],Solutions[Name],Solutions[EC (max)],"")),0)+SUMIFS(Adjustments[Adjust By],Adjustments[For],Nutrients[[#This Row],[For]],Adjustments[Nutrient],"EC (max)"))),"") -> 1.5 | G11: =IFERROR(IF(Nutrients[[#This Row],[Solution]]="","",IF(AND(_xlfn.XLOOKUP(Nutrients[[#This Row],[Solution]],Solutions[Name],Solutions[pH (min)],"")="",COUNTIFS(Adjustments[For],Nutrients[[#This Row],[For]],Adjustments[Nutrient],"pH (min)")=0),"",IFERROR(VALUE(_xlfn.XLOOKUP(Nutrients[[#This Row],[Solution]],Solutions[Name],Solutions[pH (min)],"")),0)+SUMIFS(Adjustments[Adjust By],Adjustments[For],Nutrients[[#This Row],[For]],Adjustments[Nutrient],"pH (min)"))),"") -> 5.8 | H11: =IFERROR(IF(Nutrients[[#This Row],[Solution]]="","",IF(AND(_xlfn.XLOOKUP(Nutrients[[#This Row],[Solution]],Solutions[Name],Solutions[pH (max)],"")="",COUNTIFS(Adjustments[For],Nutrients[[#This Row],[For]],Adjustments[Nutrient],"pH (max)")=0),"",IFERROR(VALUE(_xlfn.XLOOKUP(Nutrients[[#This Row],[Solution]],Solutions[Name],Solutions[pH (max)],"")),0)+SUMIFS(Adjustments[Adjust By],Adjustments[For],Nutrients[[#This Row],[For]],Adjustments[Nutrient],"pH (max)"))),"") -> 6.2 | I11: =IFERROR(IF(Nutrients[[#This Row],[Solution]]="","",IF(AND(_xlfn.XLOOKUP(Nutrients[[#This Row],[Solution]],Solutions[Name],Solutions[N],"")="",COUNTIFS(Adjustments[For],Nutrients[[#This Row],[For]],Adjustments[Nutrient],"N")=0),"",IFERROR(VALUE(_xlfn.XLOOKUP(Nutrients[[#This Row],[Solution]],Solutions[Name],Solutions[N],"")),0)+SUMIFS(Adjustments[Adjust By],Adjustments[For],Nutrients[[#This Row],[For]],Adjustments[Nutrient],"N"))),"") -> 150 | J11: =IFERROR(IF(Nutrients[[#This Row],[Solution]]="","",IF(AND(_xlfn.XLOOKUP(Nutrients[[#This Row],[Solution]],Solutions[Name],Solutions[P],"")="",COUNTIFS(Adjustments[For],Nutrients[[#This Row],[For]],Adjustments[Nutrient],"P")=0),"",IFERROR(VALUE(_xlfn.XLOOKUP(Nutrients[[#This Row],[Solution]],Solutions[Name],Solutions[P],"")),0)+SUMIFS(Adjustments[Adjust By],Adjustments[For],Nutrients[[#This Row],[For]],Adjustments[Nutrient],"P"))),"") -> 31 | K11: =IFERROR(IF(Nutrients[[#This Row],[Solution]]="","",IF(AND(_xlfn.XLOOKUP(Nutrients[[#This Row],[Solution]],Solutions[Name],Solutions[K],"")="",COUNTIFS(Adjustments[For],Nutrients[[#This Row],[For]],Adjustments[Nutrient],"K")=0),"",IFERROR(VALUE(_xlfn.XLOOKUP(Nutrients[[#This Row],[Solution]],Solutions[Name],Solutions[K],"")),0)+SUMIFS(Adjustments[Adjust By],Adjustments[For],Nutrients[[#This Row],[For]],Adjustments[Nutrient],"K"))),"") -> 210 | L11: =IFERROR(IF(Nutrients[[#This Row],[Solution]]="","",IF(AND(_xlfn.XLOOKUP(Nutrients[[#This Row],[Solution]],Solutions[Name],Solutions[Ca],"")="",COUNTIFS(Adjustments[For],Nutrients[[#This Row],[For]],Adjustments[Nutrient],"Ca")=0),"",IFERROR(VALUE(_xlfn.XLOOKUP(Nutrients[[#This Row],[Solution]],Solutions[Name],Solutions[Ca],"")),0)+SUMIFS(Adjustments[Adjust By],Adjustments[For],Nutrients[[#This Row],[For]],Adjustments[Nutrient],"Ca"))),"") -> 90 | M11: =IFERROR(IF(Nutrients[[#This Row],[Solution]]="","",IF(AND(_xlfn.XLOOKUP(Nutrients[[#This Row],[Solution]],Solutions[Name],Solutions[Mg],"")="",COUNTIFS(Adjustments[For],Nutrients[[#This Row],[For]],Adjustments[Nutrient],"Mg")=0),"",IFERROR(VALUE(_xlfn.XLOOKUP(Nutrients[[#This Row],[Solution]],Solutions[Name],Solutions[Mg],"")),0)+SUMIFS(Adjustments[Adjust By],Adjustments[For],Nutrients[[#This Row],[For]],Adjustments[Nutrient],"Mg"))),"") -> 24 | N11: =IFERROR(IF(Nutrients[[#This Row],[Solution]]="","",IF(AND(_xlfn.XLOOKUP(Nutrients[[#This Row],[Solution]],Solutions[Name],Solutions[S],"")="",COUNTIFS(Adjustments[For],Nutrients[[#This Row],[For]],Adjustments[Nutrient],"S")=0),"",IFERROR(VALUE(_xlfn.XLOOKUP(Nutrients[[#This Row],[Solution]],Solutions[Name],Solutions[S],"")),0)+SUMIFS(Adjustments[Adjust By],Adjustments[For],Nutrients[[#This Row],[For]],Adjustments[Nutrient],"S"))),"") -> 32 | O11: =IFERROR(IF(Nutrients[[#This Row],[Solution]]="","",IF(AND(_xlfn.XLOOKUP(Nutrients[[#This Row],[Solution]],Solutions[Name],Solutions[Fe],"")="",COUNTIFS(Adjustments[For],Nutrients[[#This Row],[For]],Adjustments[Nutrient],"Fe")=0),"",IFERROR(VALUE(_xlfn.XLOOKUP(Nutrients[[#This Row],[Solution]],Solutions[Name],Solutions[Fe],"")),0)+SUMIFS(Adjustments[Adjust By],Adjustments[For],Nutrients[[#This Row],[For]],Adjustments[Nutrient],"Fe"))),"") -> 1 | P11: =IFERROR(IF(Nutrients[[#This Row],[Solution]]="","",IF(AND(_xlfn.XLOOKUP(Nutrients[[#This Row],[Solution]],Solutions[Name],Solutions[Mn],"")="",COUNTIFS(Adjustments[For],Nutrients[[#This Row],[For]],Adjustments[Nutrient],"Mn")=0),"",IFERROR(VALUE(_xlfn.XLOOKUP(Nutrients[[#This Row],[Solution]],Solutions[Name],Solutions[Mn],"")),0)+SUMIFS(Adjustments[Adjust By],Adjustments[For],Nutrients[[#This Row],[For]],Adjustments[Nutrient],"Mn"))),"") -> 0.25 | Q11: =IFERROR(IF(Nutrients[[#This Row],[Solution]]="","",IF(AND(_xlfn.XLOOKUP(Nutrients[[#This Row],[Solution]],Solutions[Name],Solutions[Zn],"")="",COUNTIFS(Adjustments[For],Nutrients[[#This Row],[For]],Adjustments[Nutrient],"Zn")=0),"",IFERROR(VALUE(_xlfn.XLOOKUP(Nutrients[[#This Row],[Solution]],Solutions[Name],Solutions[Zn],"")),0)+SUMIFS(Adjustments[Adjust By],Adjustments[For],Nutrients[[#This Row],[For]],Adjustments[Nutrient],"Zn"))),"") -> 0.13 | R11: =IFERROR(IF(Nutrients[[#This Row],[Solution]]="","",IF(AND(_xlfn.XLOOKUP(Nutrients[[#This Row],[Solution]],Solutions[Name],Solutions[B],"")="",COUNTIFS(Adjustments[For],Nutrients[[#This Row],[For]],Adjustments[Nutrient],"B")=0),"",IFERROR(VALUE(_xlfn.XLOOKUP(Nutrients[[#This Row],[Solution]],Solutions[Name],Solutions[B],"")),0)+SUMIFS(Adjustments[Adjust By],Adjustments[For],Nutrients[[#This Row],[For]],Adjustments[Nutrient],"B"))),"") -> 0.16 | S11: =IFERROR(IF(Nutrients[[#This Row],[Solution]]="","",IF(AND(_xlfn.XLOOKUP(Nutrients[[#This Row],[Solution]],Solutions[Name],Solutions[Cu],"")="",COUNTIFS(Adjustments[For],Nutrients[[#This Row],[For]],Adjustments[Nutrient],"Cu")=0),"",IFERROR(VALUE(_xlfn.XLOOKUP(Nutrients[[#This Row],[Solution]],Solutions[Name],Solutions[Cu],"")),0)+SUMIFS(Adjustments[Adjust By],Adjustments[For],Nutrients[[#This Row],[For]],Adjustments[Nutrient],"Cu"))),"") -> 0.023 | T11: =IFERROR(IF(Nutrients[[#This Row],[Solution]]="","",IF(AND(_xlfn.XLOOKUP(Nutrients[[#This Row],[Solution]],Solutions[Name],Solutions[Mo],"")="",COUNTIFS(Adjustments[For],Nutrients[[#This Row],[For]],Adjustments[Nutrient],"Mo")=0),"",IFERROR(VALUE(_xlfn.XLOOKUP(Nutrients[[#This Row],[Solution]],Solutions[Name],Solutions[Mo],"")),0)+SUMIFS(Adjustments[Adjust By],Adjustments[For],Nutrients[[#This Row],[For]],Adjustments[Nutrient],"Mo"))),"") -> 0.024 | U11: =IFERROR(IF(Nutrients[[#This Row],[Solution]]="","",IF(AND(_xlfn.XLOOKUP(Nutrients[[#This Row],[Solution]],Solutions[Name],Solutions[Ni],"")="",COUNTIFS(Adjustments[For],Nutrients[[#This Row],[For]],Adjustments[Nutrient],"Ni")=0),"",IFERROR(VALUE(_xlfn.XLOOKUP(Nutrients[[#This Row],[Solution]],Solutions[Name],Solutions[Ni],"")),0)+SUMIFS(Adjustments[Adjust By],Adjustments[For],Nutrients[[#This Row],[For]],Adjustments[Nutrient],"Ni"))),"") -> 0.03 | V11: =IFERROR(IF(Nutrients[[#This Row],[Solution]]="","",IF(AND(_xlfn.XLOOKUP(Nutrients[[#This Row],[Solution]],Solutions[Name],Solutions[Cl],"")="",COUNTIFS(Adjustments[For],Nutrients[[#This Row],[For]],Adjustments[Nutrient],"Cl")=0),"",IFERROR(VALUE(_xlfn.XLOOKUP(Nutrients[[#This Row],[Solution]],Solutions[Name],Solutions[Cl],"")),0)+SUMIFS(Adjustments[Adjust By],Adjustments[For],Nutrients[[#This Row],[For]],Adjustments[Nutrient],"Cl"))),"") -> 1.77 | W11: =IFERROR(IF(Nutrients[[#This Row],[Solution]]="","",IF(AND(_xlfn.XLOOKUP(Nutrients[[#This Row],[Solution]],Solutions[Name],Solutions[Na],"")="",COUNTIFS(Adjustments[For],Nutrients[[#This Row],[For]],Adjustments[Nutrient],"Na")=0),"",IFERROR(VALUE(_xlfn.XLOOKUP(Nutrients[[#This Row],[Solution]],Solutions[Name],Solutions[Na],"")),0)+SUMIFS(Adjustments[Adjust By],Adjustments[For],Nutrients[[#This Row],[For]],Adjustments[Nutrient],"Na"))),"") | X11: =IFERROR(IF(Nutrients[[#This Row],[Solution]]="","",IF(AND(_xlfn.XLOOKUP(Nutrients[[#This Row],[Solution]],Solutions[Name],Solutions[Si],"")="",COUNTIFS(Adjustments[For],Nutrients[[#This Row],[For]],Adjustments[Nutrient],"Si")=0),"",IFERROR(VALUE(_xlfn.XLOOKUP(Nutrients[[#This Row],[Solution]],Solutions[Name],Solutions[Si],"")),0)+SUMIFS(Adjustments[Adjust By],Adjustments[For],Nutrients[[#This Row],[For]],Adjustments[Nutrient],"Si"))),"") -> 28 | Y11: =IFERROR(IF(Nutrients[[#This Row],[Solution]]="","",IF(AND(_xlfn.XLOOKUP(Nutrients[[#This Row],[Solution]],Solutions[Name],Solutions[Co],"")="",COUNTIFS(Adjustments[For],Nutrients[[#This Row],[For]],Adjustments[Nutrient],"Co")=0),"",IFERROR(VALUE(_xlfn.XLOOKUP(Nutrients[[#This Row],[Solution]],Solutions[Name],Solutions[Co],"")),0)+SUMIFS(Adjustments[Adjust By],Adjustments[For],Nutrients[[#This Row],[For]],Adjustments[Nutrient],"Co"))),"") | Z11: =IFERROR(IF(Nutrients[[#This Row],[Solution]]="","",IF(AND(_xlfn.XLOOKUP(Nutrients[[#This Row],[Solution]],Solutions[Name],Solutions[I],"")="",COUNTIFS(Adjustments[For],Nutrients[[#This Row],[For]],Adjustments[Nutrient],"I")=0),"",IFERROR(VALUE(_xlfn.XLOOKUP(Nutrients[[#This Row],[Solution]],Solutions[Name],Solutions[I],"")),0)+SUMIFS(Adjustments[Adjust By],Adjustments[For],Nutrients[[#This Row],[For]],Adjustments[Nutrient],"I"))),"") | AA11: =IFERROR(IF(Nutrients[[#This Row],[Solution]]="","",IF(AND(_xlfn.XLOOKUP(Nutrients[[#This Row],[Solution]],Solutions[Name],Solutions[Se],"")="",COUNTIFS(Adjustments[For],Nutrients[[#This Row],[For]],Adjustments[Nutrient],"Se")=0),"",IFERROR(VALUE(_xlfn.XLOOKUP(Nutrients[[#This Row],[Solution]],Solutions[Name],Solutions[Se],"")),0)+SUMIFS(Adjustments[Adjust By],Adjustments[For],Nutrients[[#This Row],[For]],Adjustments[Nutrient],"Se"))),"") | AB11: =IFERROR(IF(Nutrients[[#This Row],[Solution]]="","",IF(AND(_xlfn.XLOOKUP(Nutrients[[#This Row],[Solution]],Solutions[Name],Solutions[Al],"")="",COUNTIFS(Adjustments[For],Nutrients[[#This Row],[For]],Adjustments[Nutrient],"Al")=0),"",IFERROR(VALUE(_xlfn.XLOOKUP(Nutrients[[#This Row],[Solution]],Solutions[Name],Solutions[Al],"")),0)+SUMIFS(Adjustments[Adjust By],Adjustments[For],Nutrients[[#This Row],[For]],Adjustments[Nutrient],"Al"))),"") | AE11: Ocimum basilicum | AF11: Cl | AG11: 1.77 | AI11: Modified Hoagland nutrient solution from Taiz et al. 2022 "Plant Physiology and Development"
A12: Lactuca sativa | B12: Modified Sonneveld's Solution | C12: Year-Round | D12: 1 | E12: =IFERROR(IF(Nutrients[[#This Row],[Solution]]="","",IF(AND(_xlfn.XLOOKUP(Nutrients[[#This Row],[Solution]],Solutions[Name],Solutions[EC (min)],"")="",COUNTIFS(Adjustments[For],Nutrients[[#This Row],[For]],Adjustments[Nutrient],"EC (min)")=0),"",IFERROR(VALUE(_xlfn.XLOOKUP(Nutrients[[#This Row],[Solution]],Solutions[Name],Solutions[EC (min)],"")),0)+SUMIFS(Adjustments[Adjust By],Adjustments[For],Nutrients[[#This Row],[For]],Adjustments[Nutrient],"EC (min)"))),"") | F12: =IFERROR(IF(Nutrients[[#This Row],[Solution]]="","",IF(AND(_xlfn.XLOOKUP(Nutrients[[#This Row],[Solution]],Solutions[Name],Solutions[EC (max)],"")="",COUNTIFS(Adjustments[For],Nutrients[[#This Row],[For]],Adjustments[Nutrient],"EC (max)")=0),"",IFERROR(VALUE(_xlfn.XLOOKUP(Nutrients[[#This Row],[Solution]],Solutions[Name],Solutions[EC (max)],"")),0)+SUMIFS(Adjustments[Adjust By],Adjustments[For],Nutrients[[#This Row],[For]],Adjustments[Nutrient],"EC (max)"))),"") | G12: =IFERROR(IF(Nutrients[[#This Row],[Solution]]="","",IF(AND(_xlfn.XLOOKUP(Nutrients[[#This Row],[Solution]],Solutions[Name],Solutions[pH (min)],"")="",COUNTIFS(Adjustments[For],Nutrients[[#This Row],[For]],Adjustments[Nutrient],"pH (min)")=0),"",IFERROR(VALUE(_xlfn.XLOOKUP(Nutrients[[#This Row],[Solution]],Solutions[Name],Solutions[pH (min)],"")),0)+SUMIFS(Adjustments[Adjust By],Adjustments[For],Nutrients[[#This Row],[For]],Adjustments[Nutrient],"pH (min)"))),"") | H12: =IFERROR(IF(Nutrients[[#This Row],[Solution]]="","",IF(AND(_xlfn.XLOOKUP(Nutrients[[#This Row],[Solution]],Solutions[Name],Solutions[pH (max)],"")="",COUNTIFS(Adjustments[For],Nutrients[[#This Row],[For]],Adjustments[Nutrient],"pH (max)")=0),"",IFERROR(VALUE(_xlfn.XLOOKUP(Nutrients[[#This Row],[Solution]],Solutions[Name],Solutions[pH (max)],"")),0)+SUMIFS(Adjustments[Adjust By],Adjustments[For],Nutrients[[#This Row],[For]],Adjustments[Nutrient],"pH (max)"))),"") | I12: =IFERROR(IF(Nutrients[[#This Row],[Solution]]="","",IF(AND(_xlfn.XLOOKUP(Nutrients[[#This Row],[Solution]],Solutions[Name],Solutions[N],"")="",COUNTIFS(Adjustments[For],Nutrients[[#This Row],[For]],Adjustments[Nutrient],"N")=0),"",IFERROR(VALUE(_xlfn.XLOOKUP(Nutrients[[#This Row],[Solution]],Solutions[Name],Solutions[N],"")),0)+SUMIFS(Adjustments[Adjust By],Adjustments[For],Nutrients[[#This Row],[For]],Adjustments[Nutrient],"N"))),"") -> 150 | J12: =IFERROR(IF(Nutrients[[#This Row],[Solution]]="","",IF(AND(_xlfn.XLOOKUP(Nutrients[[#This Row],[Solution]],Solutions[Name],Solutions[P],"")="",COUNTIFS(Adjustments[For],Nutrients[[#This Row],[For]],Adjustments[Nutrient],"P")=0),"",IFERROR(VALUE(_xlfn.XLOOKUP(Nutrients[[#This Row],[Solution]],Solutions[Name],Solutions[P],"")),0)+SUMIFS(Adjustments[Adjust By],Adjustments[For],Nutrients[[#This Row],[For]],Adjustments[Nutrient],"P"))),"") -> 31 | K12: =IFERROR(IF(Nutrients[[#This Row],[Solution]]="","",IF(AND(_xlfn.XLOOKUP(Nutrients[[#This Row],[Solution]],Solutions[Name],Solutions[K],"")="",COUNTIFS(Adjustments[For],Nutrients[[#This Row],[For]],Adjustments[Nutrient],"K")=0),"",IFERROR(VALUE(_xlfn.XLOOKUP(Nutrients[[#This Row],[Solution]],Solutions[Name],Solutions[K],"")),0)+SUMIFS(Adjustments[Adjust By],Adjustments[For],Nutrients[[#This Row],[For]],Adjustments[Nutrient],"K"))),"") -> 210 | L12: =IFERROR(IF(Nutrients[[#This Row],[Solution]]="","",IF(AND(_xlfn.XLOOKUP(Nutrients[[#This Row],[Solution]],Solutions[Name],Solutions[Ca],"")="",COUNTIFS(Adjustments[For],Nutrients[[#This Row],[For]],Adjustments[Nutrient],"Ca")=0),"",IFERROR(VALUE(_xlfn.XLOOKUP(Nutrients[[#This Row],[Solution]],Solutions[Name],Solutions[Ca],"")),0)+SUMIFS(Adjustments[Adjust By],Adjustments[For],Nutrients[[#This Row],[For]],Adjustments[Nutrient],"Ca"))),"") -> 90 | M12: =IFERROR(IF(Nutrients[[#This Row],[Solution]]="","",IF(AND(_xlfn.XLOOKUP(Nutrients[[#This Row],[Solution]],Solutions[Name],Solutions[Mg],"")="",COUNTIFS(Adjustments[For],Nutrients[[#This Row],[For]],Adjustments[Nutrient],"Mg")=0),"",IFERROR(VALUE(_xlfn.XLOOKUP(Nutrients[[#This Row],[Solution]],Solutions[Name],Solutions[Mg],"")),0)+SUMIFS(Adjustments[Adjust By],Adjustments[For],Nutrients[[#This Row],[For]],Adjustments[Nutrient],"Mg"))),"") -> 24 | N12: =IFERROR(IF(Nutrients[[#This Row],[Solution]]="","",IF(AND(_xlfn.XLOOKUP(Nutrients[[#This Row],[Solution]],Solutions[Name],Solutions[S],"")="",COUNTIFS(Adjustments[For],Nutrients[[#This Row],[For]],Adjustments[Nutrient],"S")=0),"",IFERROR(VALUE(_xlfn.XLOOKUP(Nutrients[[#This Row],[Solution]],Solutions[Name],Solutions[S],"")),0)+SUMIFS(Adjustments[Adjust By],Adjustments[For],Nutrients[[#This Row],[For]],Adjustments[Nutrient],"S"))),"") -> 32 | O12: =IFERROR(IF(Nutrients[[#This Row],[Solution]]="","",IF(AND(_xlfn.XLOOKUP(Nutrients[[#This Row],[Solution]],Solutions[Name],Solutions[Fe],"")="",COUNTIFS(Adjustments[For],Nutrients[[#This Row],[For]],Adjustments[Nutrient],"Fe")=0),"",IFERROR(VALUE(_xlfn.XLOOKUP(Nutrients[[#This Row],[Solution]],Solutions[Name],Solutions[Fe],"")),0)+SUMIFS(Adjustments[Adjust By],Adjustments[For],Nutrients[[#This Row],[For]],Adjustments[Nutrient],"Fe"))),"") -> 1 | P12: =IFERROR(IF(Nutrients[[#This Row],[Solution]]="","",IF(AND(_xlfn.XLOOKUP(Nutrients[[#This Row],[Solution]],Solutions[Name],Solutions[Mn],"")="",COUNTIFS(Adjustments[For],Nutrients[[#This Row],[For]],Adjustments[Nutrient],"Mn")=0),"",IFERROR(VALUE(_xlfn.XLOOKUP(Nutrients[[#This Row],[Solution]],Solutions[Name],Solutions[Mn],"")),0)+SUMIFS(Adjustments[Adjust By],Adjustments[For],Nutrients[[#This Row],[For]],Adjustments[Nutrient],"Mn"))),"") -> 0.25 | Q12: =IFERROR(IF(Nutrients[[#This Row],[Solution]]="","",IF(AND(_xlfn.XLOOKUP(Nutrients[[#This Row],[Solution]],Solutions[Name],Solutions[Zn],"")="",COUNTIFS(Adjustments[For],Nutrients[[#This Row],[For]],Adjustments[Nutrient],"Zn")=0),"",IFERROR(VALUE(_xlfn.XLOOKUP(Nutrients[[#This Row],[Solution]],Solutions[Name],Solutions[Zn],"")),0)+SUMIFS(Adjustments[Adjust By],Adjustments[For],Nutrients[[#This Row],[For]],Adjustments[Nutrient],"Zn"))),"") -> 0.13 | R12: =IFERROR(IF(Nutrients[[#This Row],[Solution]]="","",IF(AND(_xlfn.XLOOKUP(Nutrients[[#This Row],[Solution]],Solutions[Name],Solutions[B],"")="",COUNTIFS(Adjustments[For],Nutrients[[#This Row],[For]],Adjustments[Nutrient],"B")=0),"",IFERROR(VALUE(_xlfn.XLOOKUP(Nutrients[[#This Row],[Solution]],Solutions[Name],Solutions[B],"")),0)+SUMIFS(Adjustments[Adjust By],Adjustments[For],Nutrients[[#This Row],[For]],Adjustments[Nutrient],"B"))),"") -> 0.16 | S12: =IFERROR(IF(Nutrients[[#This Row],[Solution]]="","",IF(AND(_xlfn.XLOOKUP(Nutrients[[#This Row],[Solution]],Solutions[Name],Solutions[Cu],"")="",COUNTIFS(Adjustments[For],Nutrients[[#This Row],[For]],Adjustments[Nutrient],"Cu")=0),"",IFERROR(VALUE(_xlfn.XLOOKUP(Nutrients[[#This Row],[Solution]],Solutions[Name],Solutions[Cu],"")),0)+SUMIFS(Adjustments[Adjust By],Adjustments[For],Nutrients[[#This Row],[For]],Adjustments[Nutrient],"Cu"))),"") -> 0.023 | T12: =IFERROR(IF(Nutrients[[#This Row],[Solution]]="","",IF(AND(_xlfn.XLOOKUP(Nutrients[[#This Row],[Solution]],Solutions[Name],Solutions[Mo],"")="",COUNTIFS(Adjustments[For],Nutrients[[#This Row],[For]],Adjustments[Nutrient],"Mo")=0),"",IFERROR(VALUE(_xlfn.XLOOKUP(Nutrients[[#This Row],[Solution]],Solutions[Name],Solutions[Mo],"")),0)+SUMIFS(Adjustments[Adjust By],Adjustments[For],Nutrients[[#This Row],[For]],Adjustments[Nutrient],"Mo"))),"") -> 0.024 | U12: =IFERROR(IF(Nutrients[[#This Row],[Solution]]="","",IF(AND(_xlfn.XLOOKUP(Nutrients[[#This Row],[Solution]],Solutions[Name],Solutions[Ni],"")="",COUNTIFS(Adjustments[For],Nutrients[[#This Row],[For]],Adjustments[Nutrient],"Ni")=0),"",IFERROR(VALUE(_xlfn.XLOOKUP(Nutrients[[#This Row],[Solution]],Solutions[Name],Solutions[Ni],"")),0)+SUMIFS(Adjustments[Adjust By],Adjustments[For],Nutrients[[#This Row],[For]],Adjustments[Nutrient],"Ni"))),"") -> 0.03 | V12: =IFERROR(IF(Nutrients[[#This Row],[Solution]]="","",IF(AND(_xlfn.XLOOKUP(Nutrients[[#This Row],[Solution]],Solutions[Name],Solutions[Cl],"")="",COUNTIFS(Adjustments[For],Nutrients[[#This Row],[For]],Adjustments[Nutrient],"Cl")=0),"",IFERROR(VALUE(_xlfn.XLOOKUP(Nutrients[[#This Row],[Solution]],Solutions[Name],Solutions[Cl],"")),0)+SUMIFS(Adjustments[Adjust By],Adjustments[For],Nutrients[[#This Row],[For]],Adjustments[Nutrient],"Cl"))),"") -> 1.77 | W12: =IFERROR(IF(Nutrients[[#This Row],[Solution]]="","",IF(AND(_xlfn.XLOOKUP(Nutrients[[#This Row],[Solution]],Solutions[Name],Solutions[Na],"")="",COUNTIFS(Adjustments[For],Nutrients[[#This Row],[For]],Adjustments[Nutrient],"Na")=0),"",IFERROR(VALUE(_xlfn.XLOOKUP(Nutrients[[#This Row],[Solution]],Solutions[Name],Solutions[Na],"")),0)+SUMIFS(Adjustments[Adjust By],Adjustments[For],Nutrients[[#This Row],[For]],Adjustments[Nutrient],"Na"))),"") | X12: =IFERROR(IF(Nutrients[[#This Row],[Solution]]="","",IF(AND(_xlfn.XLOOKUP(Nutrients[[#This Row],[Solution]],Solutions[Name],Solutions[Si],"")="",COUNTIFS(Adjustments[For],Nutrients[[#This Row],[For]],Adjustments[Nutrient],"Si")=0),"",IFERROR(VALUE(_xlfn.XLOOKUP(Nutrients[[#This Row],[Solution]],Solutions[Name],Solutions[Si],"")),0)+SUMIFS(Adjustments[Adjust By],Adjustments[For],Nutrients[[#This Row],[For]],Adjustments[Nutrient],"Si"))),"") -> 28 | Y12: =IFERROR(IF(Nutrients[[#This Row],[Solution]]="","",IF(AND(_xlfn.XLOOKUP(Nutrients[[#This Row],[Solution]],Solutions[Name],Solutions[Co],"")="",COUNTIFS(Adjustments[For],Nutrients[[#This Row],[For]],Adjustments[Nutrient],"Co")=0),"",IFERROR(VALUE(_xlfn.XLOOKUP(Nutrients[[#This Row],[Solution]],Solutions[Name],Solutions[Co],"")),0)+SUMIFS(Adjustments[Adjust By],Adjustments[For],Nutrients[[#This Row],[For]],Adjustments[Nutrient],"Co"))),"") | Z12: =IFERROR(IF(Nutrients[[#This Row],[Solution]]="","",IF(AND(_xlfn.XLOOKUP(Nutrients[[#This Row],[Solution]],Solutions[Name],Solutions[I],"")="",COUNTIFS(Adjustments[For],Nutrients[[#This Row],[For]],Adjustments[Nutrient],"I")=0),"",IFERROR(VALUE(_xlfn.XLOOKUP(Nutrients[[#This Row],[Solution]],Solutions[Name],Solutions[I],"")),0)+SUMIFS(Adjustments[Adjust By],Adjustments[For],Nutrients[[#This Row],[For]],Adjustments[Nutrient],"I"))),"") | AA12: =IFERROR(IF(Nutrients[[#This Row],[Solution]]="","",IF(AND(_xlfn.XLOOKUP(Nutrients[[#This Row],[Solution]],Solutions[Name],Solutions[Se],"")="",COUNTIFS(Adjustments[For],Nutrients[[#This Row],[For]],Adjustments[Nutrient],"Se")=0),"",IFERROR(VALUE(_xlfn.XLOOKUP(Nutrients[[#This Row],[Solution]],Solutions[Name],Solutions[Se],"")),0)+SUMIFS(Adjustments[Adjust By],Adjustments[For],Nutrients[[#This Row],[For]],Adjustments[Nutrient],"Se"))),"") | AB12: =IFERROR(IF(Nutrients[[#This Row],[Solution]]="","",IF(AND(_xlfn.XLOOKUP(Nutrients[[#This Row],[Solution]],Solutions[Name],Solutions[Al],"")="",COUNTIFS(Adjustments[For],Nutrients[[#This Row],[For]],Adjustments[Nutrient],"Al")=0),"",IFERROR(VALUE(_xlfn.XLOOKUP(Nutrients[[#This Row],[Solution]],Solutions[Name],Solutions[Al],"")),0)+SUMIFS(Adjustments[Adjust By],Adjustments[For],Nutrients[[#This Row],[For]],Adjustments[Nutrient],"Al"))),"") | AE12: Ocimum basilicum | AF12: EC (max) | AG12: 1.5 | AI12: e-Gro publication (nutritional monitoring series vol 1 No 14 April 2018)
E13: =IFERROR(IF(Nutrients[[#This Row],[Solution]]="","",IF(AND(_xlfn.XLOOKUP(Nutrients[[#This Row],[Solution]],Solutions[Name],Solutions[EC (min)],"")="",COUNTIFS(Adjustments[For],Nutrients[[#This Row],[For]],Adjustments[Nutrient],"EC (min)")=0),"",IFERROR(VALUE(_xlfn.XLOOKUP(Nutrients[[#This Row],[Solution]],Solutions[Name],Solutions[EC (min)],"")),0)+SUMIFS(Adjustments[Adjust By],Adjustments[For],Nutrients[[#This Row],[For]],Adjustments[Nutrient],"EC (min)"))),"") | F13: =IFERROR(IF(Nutrients[[#This Row],[Solution]]="","",IF(AND(_xlfn.XLOOKUP(Nutrients[[#This Row],[Solution]],Solutions[Name],Solutions[EC (max)],"")="",COUNTIFS(Adjustments[For],Nutrients[[#This Row],[For]],Adjustments[Nutrient],"EC (max)")=0),"",IFERROR(VALUE(_xlfn.XLOOKUP(Nutrients[[#This Row],[Solution]],Solutions[Name],Solutions[EC (max)],"")),0)+SUMIFS(Adjustments[Adjust By],Adjustments[For],Nutrients[[#This Row],[For]],Adjustments[Nutrient],"EC (max)"))),"") | G13: =IFERROR(IF(Nutrients[[#This Row],[Solution]]="","",IF(AND(_xlfn.XLOOKUP(Nutrients[[#This Row],[Solution]],Solutions[Name],Solutions[pH (min)],"")="",COUNTIFS(Adjustments[For],Nutrients[[#This Row],[For]],Adjustments[Nutrient],"pH (min)")=0),"",IFERROR(VALUE(_xlfn.XLOOKUP(Nutrients[[#This Row],[Solution]],Solutions[Name],Solutions[pH (min)],"")),0)+SUMIFS(Adjustments[Adjust By],Adjustments[For],Nutrients[[#This Row],[For]],Adjustments[Nutrient],"pH (min)"))),"") | H13: =IFERROR(IF(Nutrients[[#This Row],[Solution]]="","",IF(AND(_xlfn.XLOOKUP(Nutrients[[#This Row],[Solution]],Solutions[Name],Solutions[pH (max)],"")="",COUNTIFS(Adjustments[For],Nutrients[[#This Row],[For]],Adjustments[Nutrient],"pH (max)")=0),"",IFERROR(VALUE(_xlfn.XLOOKUP(Nutrients[[#This Row],[Solution]],Solutions[Name],Solutions[pH (max)],"")),0)+SUMIFS(Adjustments[Adjust By],Adjustments[For],Nutrients[[#This Row],[For]],Adjustments[Nutrient],"pH (max)"))),"") | I13: =IFERROR(IF(Nutrients[[#This Row],[Solution]]="","",IF(AND(_xlfn.XLOOKUP(Nutrients[[#This Row],[Solution]],Solutions[Name],Solutions[N],"")="",COUNTIFS(Adjustments[For],Nutrients[[#This Row],[For]],Adjustments[Nutrient],"N")=0),"",IFERROR(VALUE(_xlfn.XLOOKUP(Nutrients[[#This Row],[Solution]],Solutions[Name],Solutions[N],"")),0)+SUMIFS(Adjustments[Adjust By],Adjustments[For],Nutrients[[#This Row],[For]],Adjustments[Nutrient],"N"))),"") | J13: =IFERROR(IF(Nutrients[[#This Row],[Solution]]="","",IF(AND(_xlfn.XLOOKUP(Nutrients[[#This Row],[Solution]],Solutions[Name],Solutions[P],"")="",COUNTIFS(Adjustments[For],Nutrients[[#This Row],[For]],Adjustments[Nutrient],"P")=0),"",IFERROR(VALUE(_xlfn.XLOOKUP(Nutrients[[#This Row],[Solution]],Solutions[Name],Solutions[P],"")),0)+SUMIFS(Adjustments[Adjust By],Adjustments[For],Nutrients[[#This Row],[For]],Adjustments[Nutrient],"P"))),"") | K13: =IFERROR(IF(Nutrients[[#This Row],[Solution]]="","",IF(AND(_xlfn.XLOOKUP(Nutrients[[#This Row],[Solution]],Solutions[Name],Solutions[K],"")="",COUNTIFS(Adjustments[For],Nutrients[[#This Row],[For]],Adjustments[Nutrient],"K")=0),"",IFERROR(VALUE(_xlfn.XLOOKUP(Nutrients[[#This Row],[Solution]],Solutions[Name],Solutions[K],"")),0)+SUMIFS(Adjustments[Adjust By],Adjustments[For],Nutrients[[#This Row],[For]],Adjustments[Nutrient],"K"))),"") | L13: =IFERROR(IF(Nutrients[[#This Row],[Solution]]="","",IF(AND(_xlfn.XLOOKUP(Nutrients[[#This Row],[Solution]],Solutions[Name],Solutions[Ca],"")="",COUNTIFS(Adjustments[For],Nutrients[[#This Row],[For]],Adjustments[Nutrient],"Ca")=0),"",IFERROR(VALUE(_xlfn.XLOOKUP(Nutrients[[#This Row],[Solution]],Solutions[Name],Solutions[Ca],"")),0)+SUMIFS(Adjustments[Adjust By],Adjustments[For],Nutrients[[#This Row],[For]],Adjustments[Nutrient],"Ca"))),"") | M13: =IFERROR(IF(Nutrients[[#This Row],[Solution]]="","",IF(AND(_xlfn.XLOOKUP(Nutrients[[#This Row],[Solution]],Solutions[Name],Solutions[Mg],"")="",COUNTIFS(Adjustments[For],Nutrients[[#This Row],[For]],Adjustments[Nutrient],"Mg")=0),"",IFERROR(VALUE(_xlfn.XLOOKUP(Nutrients[[#This Row],[Solution]],Solutions[Name],Solutions[Mg],"")),0)+SUMIFS(Adjustments[Adjust By],Adjustments[For],Nutrients[[#This Row],[For]],Adjustments[Nutrient],"Mg"))),"") | N13: =IFERROR(IF(Nutrients[[#This Row],[Solution]]="","",IF(AND(_xlfn.XLOOKUP(Nutrients[[#This Row],[Solution]],Solutions[Name],Solutions[S],"")="",COUNTIFS(Adjustments[For],Nutrients[[#This Row],[For]],Adjustments[Nutrient],"S")=0),"",IFERROR(VALUE(_xlfn.XLOOKUP(Nutrients[[#This Row],[Solution]],Solutions[Name],Solutions[S],"")),0)+SUMIFS(Adjustments[Adjust By],Adjustments[For],Nutrients[[#This Row],[For]],Adjustments[Nutrient],"S"))),"") | O13: =IFERROR(IF(Nutrients[[#This Row],[Solution]]="","",IF(AND(_xlfn.XLOOKUP(Nutrients[[#This Row],[Solution]],Solutions[Name],Solutions[Fe],"")="",COUNTIFS(Adjustments[For],Nutrients[[#This Row],[For]],Adjustments[Nutrient],"Fe")=0),"",IFERROR(VALUE(_xlfn.XLOOKUP(Nutrients[[#This Row],[Solution]],Solutions[Name],Solutions[Fe],"")),0)+SUMIFS(Adjustments[Adjust By],Adjustments[For],Nutrients[[#This Row],[For]],Adjustments[Nutrient],"Fe"))),"") | P13: =IFERROR(IF(Nutrients[[#This Row],[Solution]]="","",IF(AND(_xlfn.XLOOKUP(Nutrients[[#This Row],[Solution]],Solutions[Name],Solutions[Mn],"")="",COUNTIFS(Adjustments[For],Nutrients[[#This Row],[For]],Adjustments[Nutrient],"Mn")=0),"",IFERROR(VALUE(_xlfn.XLOOKUP(Nutrients[[#This Row],[Solution]],Solutions[Name],Solutions[Mn],"")),0)+SUMIFS(Adjustments[Adjust By],Adjustments[For],Nutrients[[#This Row],[For]],Adjustments[Nutrient],"Mn"))),"") | Q13: =IFERROR(IF(Nutrients[[#This Row],[Solution]]="","",IF(AND(_xlfn.XLOOKUP(Nutrients[[#This Row],[Solution]],Solutions[Name],Solutions[Zn],"")="",COUNTIFS(Adjustments[For],Nutrients[[#This Row],[For]],Adjustments[Nutrient],"Zn")=0),"",IFERROR(VALUE(_xlfn.XLOOKUP(Nutrients[[#This Row],[Solution]],Solutions[Name],Solutions[Zn],"")),0)+SUMIFS(Adjustments[Adjust By],Adjustments[For],Nutrients[[#This Row],[For]],Adjustments[Nutrient],"Zn"))),"") | R13: =IFERROR(IF(Nutrients[[#This Row],[Solution]]="","",IF(AND(_xlfn.XLOOKUP(Nutrients[[#This Row],[Solution]],Solutions[Name],Solutions[B],"")="",COUNTIFS(Adjustments[For],Nutrients[[#This Row],[For]],Adjustments[Nutrient],"B")=0),"",IFERROR(VALUE(_xlfn.XLOOKUP(Nutrients[[#This Row],[Solution]],Solutions[Name],Solutions[B],"")),0)+SUMIFS(Adjustments[Adjust By],Adjustments[For],Nutrients[[#This Row],[For]],Adjustments[Nutrient],"B"))),"") | S13: =IFERROR(IF(Nutrients[[#This Row],[Solution]]="","",IF(AND(_xlfn.XLOOKUP(Nutrients[[#This Row],[Solution]],Solutions[Name],Solutions[Cu],"")="",COUNTIFS(Adjustments[For],Nutrients[[#This Row],[For]],Adjustments[Nutrient],"Cu")=0),"",IFERROR(VALUE(_xlfn.XLOOKUP(Nutrients[[#This Row],[Solution]],Solutions[Name],Solutions[Cu],"")),0)+SUMIFS(Adjustments[Adjust By],Adjustments[For],Nutrients[[#This Row],[For]],Adjustments[Nutrient],"Cu"))),"") | T13: =IFERROR(IF(Nutrients[[#This Row],[Solution]]="","",IF(AND(_xlfn.XLOOKUP(Nutrients[[#This Row],[Solution]],Solutions[Name],Solutions[Mo],"")="",COUNTIFS(Adjustments[For],Nutrients[[#This Row],[For]],Adjustments[Nutrient],"Mo")=0),"",IFERROR(VALUE(_xlfn.XLOOKUP(Nutrients[[#This Row],[Solution]],Solutions[Name],Solutions[Mo],"")),0)+SUMIFS(Adjustments[Adjust By],Adjustments[For],Nutrients[[#This Row],[For]],Adjustments[Nutrient],"Mo"))),"") | U13: =IFERROR(IF(Nutrients[[#This Row],[Solution]]="","",IF(AND(_xlfn.XLOOKUP(Nutrients[[#This Row],[Solution]],Solutions[Name],Solutions[Ni],"")="",COUNTIFS(Adjustments[For],Nutrients[[#This Row],[For]],Adjustments[Nutrient],"Ni")=0),"",IFERROR(VALUE(_xlfn.XLOOKUP(Nutrients[[#This Row],[Solution]],Solutions[Name],Solutions[Ni],"")),0)+SUMIFS(Adjustments[Adjust By],Adjustments[For],Nutrients[[#This Row],[For]],Adjustments[Nutrient],"Ni"))),"") | V13: =IFERROR(IF(Nutrients[[#This Row],[Solution]]="","",IF(AND(_xlfn.XLOOKUP(Nutrients[[#This Row],[Solution]],Solutions[Name],Solutions[Cl],"")="",COUNTIFS(Adjustments[For],Nutrients[[#This Row],[For]],Adjustments[Nutrient],"Cl")=0),"",IFERROR(VALUE(_xlfn.XLOOKUP(Nutrients[[#This Row],[Solution]],Solutions[Name],Solutions[Cl],"")),0)+SUMIFS(Adjustments[Adjust By],Adjustments[For],Nutrients[[#This Row],[For]],Adjustments[Nutrient],"Cl"))),"") | W13: =IFERROR(IF(Nutrients[[#This Row],[Solution]]="","",IF(AND(_xlfn.XLOOKUP(Nutrients[[#This Row],[Solution]],Solutions[Name],Solutions[Na],"")="",COUNTIFS(Adjustments[For],Nutrients[[#This Row],[For]],Adjustments[Nutrient],"Na")=0),"",IFERROR(VALUE(_xlfn.XLOOKUP(Nutrients[[#This Row],[Solution]],Solutions[Name],Solutions[Na],"")),0)+SUMIFS(Adjustments[Adjust By],Adjustments[For],Nutrients[[#This Row],[For]],Adjustments[Nutrient],"Na"))),"") | X13: =IFERROR(IF(Nutrients[[#This Row],[Solution]]="","",IF(AND(_xlfn.XLOOKUP(Nutrients[[#This Row],[Solution]],Solutions[Name],Solutions[Si],"")="",COUNTIFS(Adjustments[For],Nutrients[[#This Row],[For]],Adjustments[Nutrient],"Si")=0),"",IFERROR(VALUE(_xlfn.XLOOKUP(Nutrients[[#This Row],[Solution]],Solutions[Name],Solutions[Si],"")),0)+SUMIFS(Adjustments[Adjust By],Adjustments[For],Nutrients[[#This Row],[For]],Adjustments[Nutrient],"Si"))),"") | Y13: =IFERROR(IF(Nutrients[[#This Row],[Solution]]="","",IF(AND(_xlfn.XLOOKUP(Nutrients[[#This Row],[Solution]],Solutions[Name],Solutions[Co],"")="",COUNTIFS(Adjustments[For],Nutrients[[#This Row],[For]],Adjustments[Nutrient],"Co")=0),"",IFERROR(VALUE(_xlfn.XLOOKUP(Nutrients[[#This Row],[Solution]],Solutions[Name],Solutions[Co],"")),0)+SUMIFS(Adjustments[Adjust By],Adjustments[For],Nutrients[[#This Row],[For]],Adjustments[Nutrient],"Co"))),"") | Z13: =IFERROR(IF(Nutrients[[#This Row],[Solution]]="","",IF(AND(_xlfn.XLOOKUP(Nutrients[[#This Row],[Solution]],Solutions[Name],Solutions[I],"")="",COUNTIFS(Adjustments[For],Nutrients[[#This Row],[For]],Adjustments[Nutrient],"I")=0),"",IFERROR(VALUE(_xlfn.XLOOKUP(Nutrients[[#This Row],[Solution]],Solutions[Name],Solutions[I],"")),0)+SUMIFS(Adjustments[Adjust By],Adjustments[For],Nutrients[[#This Row],[For]],Adjustments[Nutrient],"I"))),"") | AA13: =IFERROR(IF(Nutrients[[#This Row],[Solution]]="","",IF(AND(_xlfn.XLOOKUP(Nutrients[[#This Row],[Solution]],Solutions[Name],Solutions[Se],"")="",COUNTIFS(Adjustments[For],Nutrients[[#This Row],[For]],Adjustments[Nutrient],"Se")=0),"",IFERROR(VALUE(_xlfn.XLOOKUP(Nutrients[[#This Row],[Solution]],Solutions[Name],Solutions[Se],"")),0)+SUMIFS(Adjustments[Adjust By],Adjustments[For],Nutrients[[#This Row],[For]],Adjustments[Nutrient],"Se"))),"") | AB13: =IFERROR(IF(Nutrients[[#This Row],[Solution]]="","",IF(AND(_xlfn.XLOOKUP(Nutrients[[#This Row],[Solution]],Solutions[Name],Solutions[Al],"")="",COUNTIFS(Adjustments[For],Nutrients[[#This Row],[For]],Adjustments[Nutrient],"Al")=0),"",IFERROR(VALUE(_xlfn.XLOOKUP(Nutrients[[#This Row],[Solution]],Solutions[Name],Solutions[Al],"")),0)+SUMIFS(Adjustments[Adjust By],Adjustments[For],Nutrients[[#This Row],[For]],Adjustments[Nutrient],"Al"))),"") | AE13: Ocimum basilicum | AF13: EC (min) | AG13: 0.5 | AI13: e-Gro publication (nutritional monitoring series vol 1 No 14 April 2018)
E14: =IFERROR(IF(Nutrients[[#This Row],[Solution]]="","",IF(AND(_xlfn.XLOOKUP(Nutrients[[#This Row],[Solution]],Solutions[Name],Solutions[EC (min)],"")="",COUNTIFS(Adjustments[For],Nutrients[[#This Row],[For]],Adjustments[Nutrient],"EC (min)")=0),"",IFERROR(VALUE(_xlfn.XLOOKUP(Nutrients[[#This Row],[Solution]],Solutions[Name],Solutions[EC (min)],"")),0)+SUMIFS(Adjustments[Adjust By],Adjustments[For],Nutrients[[#This Row],[For]],Adjustments[Nutrient],"EC (min)"))),"") | F14: =IFERROR(IF(Nutrients[[#This Row],[Solution]]="","",IF(AND(_xlfn.XLOOKUP(Nutrients[[#This Row],[Solution]],Solutions[Name],Solutions[EC (max)],"")="",COUNTIFS(Adjustments[For],Nutrients[[#This Row],[For]],Adjustments[Nutrient],"EC (max)")=0),"",IFERROR(VALUE(_xlfn.XLOOKUP(Nutrients[[#This Row],[Solution]],Solutions[Name],Solutions[EC (max)],"")),0)+SUMIFS(Adjustments[Adjust By],Adjustments[For],Nutrients[[#This Row],[For]],Adjustments[Nutrient],"EC (max)"))),"") | G14: =IFERROR(IF(Nutrients[[#This Row],[Solution]]="","",IF(AND(_xlfn.XLOOKUP(Nutrients[[#This Row],[Solution]],Solutions[Name],Solutions[pH (min)],"")="",COUNTIFS(Adjustments[For],Nutrients[[#This Row],[For]],Adjustments[Nutrient],"pH (min)")=0),"",IFERROR(VALUE(_xlfn.XLOOKUP(Nutrients[[#This Row],[Solution]],Solutions[Name],Solutions[pH (min)],"")),0)+SUMIFS(Adjustments[Adjust By],Adjustments[For],Nutrients[[#This Row],[For]],Adjustments[Nutrient],"pH (min)"))),"") | H14: =IFERROR(IF(Nutrients[[#This Row],[Solution]]="","",IF(AND(_xlfn.XLOOKUP(Nutrients[[#This Row],[Solution]],Solutions[Name],Solutions[pH (max)],"")="",COUNTIFS(Adjustments[For],Nutrients[[#This Row],[For]],Adjustments[Nutrient],"pH (max)")=0),"",IFERROR(VALUE(_xlfn.XLOOKUP(Nutrients[[#This Row],[Solution]],Solutions[Name],Solutions[pH (max)],"")),0)+SUMIFS(Adjustments[Adjust By],Adjustments[For],Nutrients[[#This Row],[For]],Adjustments[Nutrient],"pH (max)"))),"") | I14: =IFERROR(IF(Nutrients[[#This Row],[Solution]]="","",IF(AND(_xlfn.XLOOKUP(Nutrients[[#This Row],[Solution]],Solutions[Name],Solutions[N],"")="",COUNTIFS(Adjustments[For],Nutrients[[#This Row],[For]],Adjustments[Nutrient],"N")=0),"",IFERROR(VALUE(_xlfn.XLOOKUP(Nutrients[[#This Row],[Solution]],Solutions[Name],Solutions[N],"")),0)+SUMIFS(Adjustments[Adjust By],Adjustments[For],Nutrients[[#This Row],[For]],Adjustments[Nutrient],"N"))),"") | J14: =IFERROR(IF(Nutrients[[#This Row],[Solution]]="","",IF(AND(_xlfn.XLOOKUP(Nutrients[[#This Row],[Solution]],Solutions[Name],Solutions[P],"")="",COUNTIFS(Adjustments[For],Nutrients[[#This Row],[For]],Adjustments[Nutrient],"P")=0),"",IFERROR(VALUE(_xlfn.XLOOKUP(Nutrients[[#This Row],[Solution]],Solutions[Name],Solutions[P],"")),0)+SUMIFS(Adjustments[Adjust By],Adjustments[For],Nutrients[[#This Row],[For]],Adjustments[Nutrient],"P"))),"") | K14: =IFERROR(IF(Nutrients[[#This Row],[Solution]]="","",IF(AND(_xlfn.XLOOKUP(Nutrients[[#This Row],[Solution]],Solutions[Name],Solutions[K],"")="",COUNTIFS(Adjustments[For],Nutrients[[#This Row],[For]],Adjustments[Nutrient],"K")=0),"",IFERROR(VALUE(_xlfn.XLOOKUP(Nutrients[[#This Row],[Solution]],Solutions[Name],Solutions[K],"")),0)+SUMIFS(Adjustments[Adjust By],Adjustments[For],Nutrients[[#This Row],[For]],Adjustments[Nutrient],"K"))),"") | L14: =IFERROR(IF(Nutrients[[#This Row],[Solution]]="","",IF(AND(_xlfn.XLOOKUP(Nutrients[[#This Row],[Solution]],Solutions[Name],Solutions[Ca],"")="",COUNTIFS(Adjustments[For],Nutrients[[#This Row],[For]],Adjustments[Nutrient],"Ca")=0),"",IFERROR(VALUE(_xlfn.XLOOKUP(Nutrients[[#This Row],[Solution]],Solutions[Name],Solutions[Ca],"")),0)+SUMIFS(Adjustments[Adjust By],Adjustments[For],Nutrients[[#This Row],[For]],Adjustments[Nutrient],"Ca"))),"") | M14: =IFERROR(IF(Nutrients[[#This Row],[Solution]]="","",IF(AND(_xlfn.XLOOKUP(Nutrients[[#This Row],[Solution]],Solutions[Name],Solutions[Mg],"")="",COUNTIFS(Adjustments[For],Nutrients[[#This Row],[For]],Adjustments[Nutrient],"Mg")=0),"",IFERROR(VALUE(_xlfn.XLOOKUP(Nutrients[[#This Row],[Solution]],Solutions[Name],Solutions[Mg],"")),0)+SUMIFS(Adjustments[Adjust By],Adjustments[For],Nutrients[[#This Row],[For]],Adjustments[Nutrient],"Mg"))),"") | N14: =IFERROR(IF(Nutrients[[#This Row],[Solution]]="","",IF(AND(_xlfn.XLOOKUP(Nutrients[[#This Row],[Solution]],Solutions[Name],Solutions[S],"")="",COUNTIFS(Adjustments[For],Nutrients[[#This Row],[For]],Adjustments[Nutrient],"S")=0),"",IFERROR(VALUE(_xlfn.XLOOKUP(Nutrients[[#This Row],[Solution]],Solutions[Name],Solutions[S],"")),0)+SUMIFS(Adjustments[Adjust By],Adjustments[For],Nutrients[[#This Row],[For]],Adjustments[Nutrient],"S"))),"") | O14: =IFERROR(IF(Nutrients[[#This Row],[Solution]]="","",IF(AND(_xlfn.XLOOKUP(Nutrients[[#This Row],[Solution]],Solutions[Name],Solutions[Fe],"")="",COUNTIFS(Adjustments[For],Nutrients[[#This Row],[For]],Adjustments[Nutrient],"Fe")=0),"",IFERROR(VALUE(_xlfn.XLOOKUP(Nutrients[[#This Row],[Solution]],Solutions[Name],Solutions[Fe],"")),0)+SUMIFS(Adjustments[Adjust By],Adjustments[For],Nutrients[[#This Row],[For]],Adjustments[Nutrient],"Fe"))),"") | P14: =IFERROR(IF(Nutrients[[#This Row],[Solution]]="","",IF(AND(_xlfn.XLOOKUP(Nutrients[[#This Row],[Solution]],Solutions[Name],Solutions[Mn],"")="",COUNTIFS(Adjustments[For],Nutrients[[#This Row],[For]],Adjustments[Nutrient],"Mn")=0),"",IFERROR(VALUE(_xlfn.XLOOKUP(Nutrients[[#This Row],[Solution]],Solutions[Name],Solutions[Mn],"")),0)+SUMIFS(Adjustments[Adjust By],Adjustments[For],Nutrients[[#This Row],[For]],Adjustments[Nutrient],"Mn"))),"") | Q14: =IFERROR(IF(Nutrients[[#This Row],[Solution]]="","",IF(AND(_xlfn.XLOOKUP(Nutrients[[#This Row],[Solution]],Solutions[Name],Solutions[Zn],"")="",COUNTIFS(Adjustments[For],Nutrients[[#This Row],[For]],Adjustments[Nutrient],"Zn")=0),"",IFERROR(VALUE(_xlfn.XLOOKUP(Nutrients[[#This Row],[Solution]],Solutions[Name],Solutions[Zn],"")),0)+SUMIFS(Adjustments[Adjust By],Adjustments[For],Nutrients[[#This Row],[For]],Adjustments[Nutrient],"Zn"))),"") | R14: =IFERROR(IF(Nutrients[[#This Row],[Solution]]="","",IF(AND(_xlfn.XLOOKUP(Nutrients[[#This Row],[Solution]],Solutions[Name],Solutions[B],"")="",COUNTIFS(Adjustments[For],Nutrients[[#This Row],[For]],Adjustments[Nutrient],"B")=0),"",IFERROR(VALUE(_xlfn.XLOOKUP(Nutrients[[#This Row],[Solution]],Solutions[Name],Solutions[B],"")),0)+SUMIFS(Adjustments[Adjust By],Adjustments[For],Nutrients[[#This Row],[For]],Adjustments[Nutrient],"B"))),"") | S14: =IFERROR(IF(Nutrients[[#This Row],[Solution]]="","",IF(AND(_xlfn.XLOOKUP(Nutrients[[#This Row],[Solution]],Solutions[Name],Solutions[Cu],"")="",COUNTIFS(Adjustments[For],Nutrients[[#This Row],[For]],Adjustments[Nutrient],"Cu")=0),"",IFERROR(VALUE(_xlfn.XLOOKUP(Nutrients[[#This Row],[Solution]],Solutions[Name],Solutions[Cu],"")),0)+SUMIFS(Adjustments[Adjust By],Adjustments[For],Nutrients[[#This Row],[For]],Adjustments[Nutrient],"Cu"))),"") | T14: =IFERROR(IF(Nutrients[[#This Row],[Solution]]="","",IF(AND(_xlfn.XLOOKUP(Nutrients[[#This Row],[Solution]],Solutions[Name],Solutions[Mo],"")="",COUNTIFS(Adjustments[For],Nutrients[[#This Row],[For]],Adjustments[Nutrient],"Mo")=0),"",IFERROR(VALUE(_xlfn.XLOOKUP(Nutrients[[#This Row],[Solution]],Solutions[Name],Solutions[Mo],"")),0)+SUMIFS(Adjustments[Adjust By],Adjustments[For],Nutrients[[#This Row],[For]],Adjustments[Nutrient],"Mo"))),"") | U14: =IFERROR(IF(Nutrients[[#This Row],[Solution]]="","",IF(AND(_xlfn.XLOOKUP(Nutrients[[#This Row],[Solution]],Solutions[Name],Solutions[Ni],"")="",COUNTIFS(Adjustments[For],Nutrients[[#This Row],[For]],Adjustments[Nutrient],"Ni")=0),"",IFERROR(VALUE(_xlfn.XLOOKUP(Nutrients[[#This Row],[Solution]],Solutions[Name],Solutions[Ni],"")),0)+SUMIFS(Adjustments[Adjust By],Adjustments[For],Nutrients[[#This Row],[For]],Adjustments[Nutrient],"Ni"))),"") | V14: =IFERROR(IF(Nutrients[[#This Row],[Solution]]="","",IF(AND(_xlfn.XLOOKUP(Nutrients[[#This Row],[Solution]],Solutions[Name],Solutions[Cl],"")="",COUNTIFS(Adjustments[For],Nutrients[[#This Row],[For]],Adjustments[Nutrient],"Cl")=0),"",IFERROR(VALUE(_xlfn.XLOOKUP(Nutrients[[#This Row],[Solution]],Solutions[Name],Solutions[Cl],"")),0)+SUMIFS(Adjustments[Adjust By],Adjustments[For],Nutrients[[#This Row],[For]],Adjustments[Nutrient],"Cl"))),"") | W14: =IFERROR(IF(Nutrients[[#This Row],[Solution]]="","",IF(AND(_xlfn.XLOOKUP(Nutrients[[#This Row],[Solution]],Solutions[Name],Solutions[Na],"")="",COUNTIFS(Adjustments[For],Nutrients[[#This Row],[For]],Adjustments[Nutrient],"Na")=0),"",IFERROR(VALUE(_xlfn.XLOOKUP(Nutrients[[#This Row],[Solution]],Solutions[Name],Solutions[Na],"")),0)+SUMIFS(Adjustments[Adjust By],Adjustments[For],Nutrients[[#This Row],[For]],Adjustments[Nutrient],"Na"))),"") | X14: =IFERROR(IF(Nutrients[[#This Row],[Solution]]="","",IF(AND(_xlfn.XLOOKUP(Nutrients[[#This Row],[Solution]],Solutions[Name],Solutions[Si],"")="",COUNTIFS(Adjustments[For],Nutrients[[#This Row],[For]],Adjustments[Nutrient],"Si")=0),"",IFERROR(VALUE(_xlfn.XLOOKUP(Nutrients[[#This Row],[Solution]],Solutions[Name],Solutions[Si],"")),0)+SUMIFS(Adjustments[Adjust By],Adjustments[For],Nutrients[[#This Row],[For]],Adjustments[Nutrient],"Si"))),"") | Y14: =IFERROR(IF(Nutrients[[#This Row],[Solution]]="","",IF(AND(_xlfn.XLOOKUP(Nutrients[[#This Row],[Solution]],Solutions[Name],Solutions[Co],"")="",COUNTIFS(Adjustments[For],Nutrients[[#This Row],[For]],Adjustments[Nutrient],"Co")=0),"",IFERROR(VALUE(_xlfn.XLOOKUP(Nutrients[[#This Row],[Solution]],Solutions[Name],Solutions[Co],"")),0)+SUMIFS(Adjustments[Adjust By],Adjustments[For],Nutrients[[#This Row],[For]],Adjustments[Nutrient],"Co"))),"") | Z14: =IFERROR(IF(Nutrients[[#This Row],[Solution]]="","",IF(AND(_xlfn.XLOOKUP(Nutrients[[#This Row],[Solution]],Solutions[Name],Solutions[I],"")="",COUNTIFS(Adjustments[For],Nutrients[[#This Row],[For]],Adjustments[Nutrient],"I")=0),"",IFERROR(VALUE(_xlfn.XLOOKUP(Nutrients[[#This Row],[Solution]],Solutions[Name],Solutions[I],"")),0)+SUMIFS(Adjustments[Adjust By],Adjustments[For],Nutrients[[#This Row],[For]],Adjustments[Nutrient],"I"))),"") | AA14: =IFERROR(IF(Nutrients[[#This Row],[Solution]]="","",IF(AND(_xlfn.XLOOKUP(Nutrients[[#This Row],[Solution]],Solutions[Name],Solutions[Se],"")="",COUNTIFS(Adjustments[For],Nutrients[[#This Row],[For]],Adjustments[Nutrient],"Se")=0),"",IFERROR(VALUE(_xlfn.XLOOKUP(Nutrients[[#This Row],[Solution]],Solutions[Name],Solutions[Se],"")),0)+SUMIFS(Adjustments[Adjust By],Adjustments[For],Nutrients[[#This Row],[For]],Adjustments[Nutrient],"Se"))),"") | AB14: =IFERROR(IF(Nutrients[[#This Row],[Solution]]="","",IF(AND(_xlfn.XLOOKUP(Nutrients[[#This Row],[Solution]],Solutions[Name],Solutions[Al],"")="",COUNTIFS(Adjustments[For],Nutrients[[#This Row],[For]],Adjustments[Nutrient],"Al")=0),"",IFERROR(VALUE(_xlfn.XLOOKUP(Nutrients[[#This Row],[Solution]],Solutions[Name],Solutions[Al],"")),0)+SUMIFS(Adjustments[Adjust By],Adjustments[For],Nutrients[[#This Row],[For]],Adjustments[Nutrient],"Al"))),"") | AE14: Ocimum basilicum | AF14: Ni | AG14: 0.03 | AI14: Modified Hoagland nutrient solution from Taiz et al. 2022 "Plant Physiology and Development"
E15: =IFERROR(IF(Nutrients[[#This Row],[Solution]]="","",IF(AND(_xlfn.XLOOKUP(Nutrients[[#This Row],[Solution]],Solutions[Name],Solutions[EC (min)],"")="",COUNTIFS(Adjustments[For],Nutrients[[#This Row],[For]],Adjustments[Nutrient],"EC (min)")=0),"",IFERROR(VALUE(_xlfn.XLOOKUP(Nutrients[[#This Row],[Solution]],Solutions[Name],Solutions[EC (min)],"")),0)+SUMIFS(Adjustments[Adjust By],Adjustments[For],Nutrients[[#This Row],[For]],Adjustments[Nutrient],"EC (min)"))),"") | F15: =IFERROR(IF(Nutrients[[#This Row],[Solution]]="","",IF(AND(_xlfn.XLOOKUP(Nutrients[[#This Row],[Solution]],Solutions[Name],Solutions[EC (max)],"")="",COUNTIFS(Adjustments[For],Nutrients[[#This Row],[For]],Adjustments[Nutrient],"EC (max)")=0),"",IFERROR(VALUE(_xlfn.XLOOKUP(Nutrients[[#This Row],[Solution]],Solutions[Name],Solutions[EC (max)],"")),0)+SUMIFS(Adjustments[Adjust By],Adjustments[For],Nutrients[[#This Row],[For]],Adjustments[Nutrient],"EC (max)"))),"") | G15: =IFERROR(IF(Nutrients[[#This Row],[Solution]]="","",IF(AND(_xlfn.XLOOKUP(Nutrients[[#This Row],[Solution]],Solutions[Name],Solutions[pH (min)],"")="",COUNTIFS(Adjustments[For],Nutrients[[#This Row],[For]],Adjustments[Nutrient],"pH (min)")=0),"",IFERROR(VALUE(_xlfn.XLOOKUP(Nutrients[[#This Row],[Solution]],Solutions[Name],Solutions[pH (min)],"")),0)+SUMIFS(Adjustments[Adjust By],Adjustments[For],Nutrients[[#This Row],[For]],Adjustments[Nutrient],"pH (min)"))),"") | H15: =IFERROR(IF(Nutrients[[#This Row],[Solution]]="","",IF(AND(_xlfn.XLOOKUP(Nutrients[[#This Row],[Solution]],Solutions[Name],Solutions[pH (max)],"")="",COUNTIFS(Adjustments[For],Nutrients[[#This Row],[For]],Adjustments[Nutrient],"pH (max)")=0),"",IFERROR(VALUE(_xlfn.XLOOKUP(Nutrients[[#This Row],[Solution]],Solutions[Name],Solutions[pH (max)],"")),0)+SUMIFS(Adjustments[Adjust By],Adjustments[For],Nutrients[[#This Row],[For]],Adjustments[Nutrient],"pH (max)"))),"") | I15: =IFERROR(IF(Nutrients[[#This Row],[Solution]]="","",IF(AND(_xlfn.XLOOKUP(Nutrients[[#This Row],[Solution]],Solutions[Name],Solutions[N],"")="",COUNTIFS(Adjustments[For],Nutrients[[#This Row],[For]],Adjustments[Nutrient],"N")=0),"",IFERROR(VALUE(_xlfn.XLOOKUP(Nutrients[[#This Row],[Solution]],Solutions[Name],Solutions[N],"")),0)+SUMIFS(Adjustments[Adjust By],Adjustments[For],Nutrients[[#This Row],[For]],Adjustments[Nutrient],"N"))),"") | J15: =IFERROR(IF(Nutrients[[#This Row],[Solution]]="","",IF(AND(_xlfn.XLOOKUP(Nutrients[[#This Row],[Solution]],Solutions[Name],Solutions[P],"")="",COUNTIFS(Adjustments[For],Nutrients[[#This Row],[For]],Adjustments[Nutrient],"P")=0),"",IFERROR(VALUE(_xlfn.XLOOKUP(Nutrients[[#This Row],[Solution]],Solutions[Name],Solutions[P],"")),0)+SUMIFS(Adjustments[Adjust By],Adjustments[For],Nutrients[[#This Row],[For]],Adjustments[Nutrient],"P"))),"") | K15: =IFERROR(IF(Nutrients[[#This Row],[Solution]]="","",IF(AND(_xlfn.XLOOKUP(Nutrients[[#This Row],[Solution]],Solutions[Name],Solutions[K],"")="",COUNTIFS(Adjustments[For],Nutrients[[#This Row],[For]],Adjustments[Nutrient],"K")=0),"",IFERROR(VALUE(_xlfn.XLOOKUP(Nutrients[[#This Row],[Solution]],Solutions[Name],Solutions[K],"")),0)+SUMIFS(Adjustments[Adjust By],Adjustments[For],Nutrients[[#This Row],[For]],Adjustments[Nutrient],"K"))),"") | L15: =IFERROR(IF(Nutrients[[#This Row],[Solution]]="","",IF(AND(_xlfn.XLOOKUP(Nutrients[[#This Row],[Solution]],Solutions[Name],Solutions[Ca],"")="",COUNTIFS(Adjustments[For],Nutrients[[#This Row],[For]],Adjustments[Nutrient],"Ca")=0),"",IFERROR(VALUE(_xlfn.XLOOKUP(Nutrients[[#This Row],[Solution]],Solutions[Name],Solutions[Ca],"")),0)+SUMIFS(Adjustments[Adjust By],Adjustments[For],Nutrients[[#This Row],[For]],Adjustments[Nutrient],"Ca"))),"") | M15: =IFERROR(IF(Nutrients[[#This Row],[Solution]]="","",IF(AND(_xlfn.XLOOKUP(Nutrients[[#This Row],[Solution]],Solutions[Name],Solutions[Mg],"")="",COUNTIFS(Adjustments[For],Nutrients[[#This Row],[For]],Adjustments[Nutrient],"Mg")=0),"",IFERROR(VALUE(_xlfn.XLOOKUP(Nutrients[[#This Row],[Solution]],Solutions[Name],Solutions[Mg],"")),0)+SUMIFS(Adjustments[Adjust By],Adjustments[For],Nutrients[[#This Row],[For]],Adjustments[Nutrient],"Mg"))),"") | N15: =IFERROR(IF(Nutrients[[#This Row],[Solution]]="","",IF(AND(_xlfn.XLOOKUP(Nutrients[[#This Row],[Solution]],Solutions[Name],Solutions[S],"")="",COUNTIFS(Adjustments[For],Nutrients[[#This Row],[For]],Adjustments[Nutrient],"S")=0),"",IFERROR(VALUE(_xlfn.XLOOKUP(Nutrients[[#This Row],[Solution]],Solutions[Name],Solutions[S],"")),0)+SUMIFS(Adjustments[Adjust By],Adjustments[For],Nutrients[[#This Row],[For]],Adjustments[Nutrient],"S"))),"") | O15: =IFERROR(IF(Nutrients[[#This Row],[Solution]]="","",IF(AND(_xlfn.XLOOKUP(Nutrients[[#This Row],[Solution]],Solutions[Name],Solutions[Fe],"")="",COUNTIFS(Adjustments[For],Nutrients[[#This Row],[For]],Adjustments[Nutrient],"Fe")=0),"",IFERROR(VALUE(_xlfn.XLOOKUP(Nutrients[[#This Row],[Solution]],Solutions[Name],Solutions[Fe],"")),0)+SUMIFS(Adjustments[Adjust By],Adjustments[For],Nutrients[[#This Row],[For]],Adjustments[Nutrient],"Fe"))),"") | P15: =IFERROR(IF(Nutrients[[#This Row],[Solution]]="","",IF(AND(_xlfn.XLOOKUP(Nutrients[[#This Row],[Solution]],Solutions[Name],Solutions[Mn],"")="",COUNTIFS(Adjustments[For],Nutrients[[#This Row],[For]],Adjustments[Nutrient],"Mn")=0),"",IFERROR(VALUE(_xlfn.XLOOKUP(Nutrients[[#This Row],[Solution]],Solutions[Name],Solutions[Mn],"")),0)+SUMIFS(Adjustments[Adjust By],Adjustments[For],Nutrients[[#This Row],[For]],Adjustments[Nutrient],"Mn"))),"") | Q15: =IFERROR(IF(Nutrients[[#This Row],[Solution]]="","",IF(AND(_xlfn.XLOOKUP(Nutrients[[#This Row],[Solution]],Solutions[Name],Solutions[Zn],"")="",COUNTIFS(Adjustments[For],Nutrients[[#This Row],[For]],Adjustments[Nutrient],"Zn")=0),"",IFERROR(VALUE(_xlfn.XLOOKUP(Nutrients[[#This Row],[Solution]],Solutions[Name],Solutions[Zn],"")),0)+SUMIFS(Adjustments[Adjust By],Adjustments[For],Nutrients[[#This Row],[For]],Adjustments[Nutrient],"Zn"))),"") | R15: =IFERROR(IF(Nutrients[[#This Row],[Solution]]="","",IF(AND(_xlfn.XLOOKUP(Nutrients[[#This Row],[Solution]],Solutions[Name],Solutions[B],"")="",COUNTIFS(Adjustments[For],Nutrients[[#This Row],[For]],Adjustments[Nutrient],"B")=0),"",IFERROR(VALUE(_xlfn.XLOOKUP(Nutrients[[#This Row],[Solution]],Solutions[Name],Solutions[B],"")),0)+SUMIFS(Adjustments[Adjust By],Adjustments[For],Nutrients[[#This Row],[For]],Adjustments[Nutrient],"B"))),"") | S15: =IFERROR(IF(Nutrients[[#This Row],[Solution]]="","",IF(AND(_xlfn.XLOOKUP(Nutrients[[#This Row],[Solution]],Solutions[Name],Solutions[Cu],"")="",COUNTIFS(Adjustments[For],Nutrients[[#This Row],[For]],Adjustments[Nutrient],"Cu")=0),"",IFERROR(VALUE(_xlfn.XLOOKUP(Nutrients[[#This Row],[Solution]],Solutions[Name],Solutions[Cu],"")),0)+SUMIFS(Adjustments[Adjust By],Adjustments[For],Nutrients[[#This Row],[For]],Adjustments[Nutrient],"Cu"))),"") | T15: =IFERROR(IF(Nutrients[[#This Row],[Solution]]="","",IF(AND(_xlfn.XLOOKUP(Nutrients[[#This Row],[Solution]],Solutions[Name],Solutions[Mo],"")="",COUNTIFS(Adjustments[For],Nutrients[[#This Row],[For]],Adjustments[Nutrient],"Mo")=0),"",IFERROR(VALUE(_xlfn.XLOOKUP(Nutrients[[#This Row],[Solution]],Solutions[Name],Solutions[Mo],"")),0)+SUMIFS(Adjustments[Adjust By],Adjustments[For],Nutrients[[#This Row],[For]],Adjustments[Nutrient],"Mo"))),"") | U15: =IFERROR(IF(Nutrients[[#This Row],[Solution]]="","",IF(AND(_xlfn.XLOOKUP(Nutrients[[#This Row],[Solution]],Solutions[Name],Solutions[Ni],"")="",COUNTIFS(Adjustments[For],Nutrients[[#This Row],[For]],Adjustments[Nutrient],"Ni")=0),"",IFERROR(VALUE(_xlfn.XLOOKUP(Nutrients[[#This Row],[Solution]],Solutions[Name],Solutions[Ni],"")),0)+SUMIFS(Adjustments[Adjust By],Adjustments[For],Nutrients[[#This Row],[For]],Adjustments[Nutrient],"Ni"))),"") | V15: =IFERROR(IF(Nutrients[[#This Row],[Solution]]="","",IF(AND(_xlfn.XLOOKUP(Nutrients[[#This Row],[Solution]],Solutions[Name],Solutions[Cl],"")="",COUNTIFS(Adjustments[For],Nutrients[[#This Row],[For]],Adjustments[Nutrient],"Cl")=0),"",IFERROR(VALUE(_xlfn.XLOOKUP(Nutrients[[#This Row],[Solution]],Solutions[Name],Solutions[Cl],"")),0)+SUMIFS(Adjustments[Adjust By],Adjustments[For],Nutrients[[#This Row],[For]],Adjustments[Nutrient],"Cl"))),"") | W15: =IFERROR(IF(Nutrients[[#This Row],[Solution]]="","",IF(AND(_xlfn.XLOOKUP(Nutrients[[#This Row],[Solution]],Solutions[Name],Solutions[Na],"")="",COUNTIFS(Adjustments[For],Nutrients[[#This Row],[For]],Adjustments[Nutrient],"Na")=0),"",IFERROR(VALUE(_xlfn.XLOOKUP(Nutrients[[#This Row],[Solution]],Solutions[Name],Solutions[Na],"")),0)+SUMIFS(Adjustments[Adjust By],Adjustments[For],Nutrients[[#This Row],[For]],Adjustments[Nutrient],"Na"))),"") | X15: =IFERROR(IF(Nutrients[[#This Row],[Solution]]="","",IF(AND(_xlfn.XLOOKUP(Nutrients[[#This Row],[Solution]],Solutions[Name],Solutions[Si],"")="",COUNTIFS(Adjustments[For],Nutrients[[#This Row],[For]],Adjustments[Nutrient],"Si")=0),"",IFERROR(VALUE(_xlfn.XLOOKUP(Nutrients[[#This Row],[Solution]],Solutions[Name],Solutions[Si],"")),0)+SUMIFS(Adjustments[Adjust By],Adjustments[For],Nutrients[[#This Row],[For]],Adjustments[Nutrient],"Si"))),"") | Y15: =IFERROR(IF(Nutrients[[#This Row],[Solution]]="","",IF(AND(_xlfn.XLOOKUP(Nutrients[[#This Row],[Solution]],Solutions[Name],Solutions[Co],"")="",COUNTIFS(Adjustments[For],Nutrients[[#This Row],[For]],Adjustments[Nutrient],"Co")=0),"",IFERROR(VALUE(_xlfn.XLOOKUP(Nutrients[[#This Row],[Solution]],Solutions[Name],Solutions[Co],"")),0)+SUMIFS(Adjustments[Adjust By],Adjustments[For],Nutrients[[#This Row],[For]],Adjustments[Nutrient],"Co"))),"") | Z15: =IFERROR(IF(Nutrients[[#This Row],[Solution]]="","",IF(AND(_xlfn.XLOOKUP(Nutrients[[#This Row],[Solution]],Solutions[Name],Solutions[I],"")="",COUNTIFS(Adjustments[For],Nutrients[[#This Row],[For]],Adjustments[Nutrient],"I")=0),"",IFERROR(VALUE(_xlfn.XLOOKUP(Nutrients[[#This Row],[Solution]],Solutions[Name],Solutions[I],"")),0)+SUMIFS(Adjustments[Adjust By],Adjustments[For],Nutrients[[#This Row],[For]],Adjustments[Nutrient],"I"))),"") | AA15: =IFERROR(IF(Nutrients[[#This Row],[Solution]]="","",IF(AND(_xlfn.XLOOKUP(Nutrients[[#This Row],[Solution]],Solutions[Name],Solutions[Se],"")="",COUNTIFS(Adjustments[For],Nutrients[[#This Row],[For]],Adjustments[Nutrient],"Se")=0),"",IFERROR(VALUE(_xlfn.XLOOKUP(Nutrients[[#This Row],[Solution]],Solutions[Name],Solutions[Se],"")),0)+SUMIFS(Adjustments[Adjust By],Adjustments[For],Nutrients[[#This Row],[For]],Adjustments[Nutrient],"Se"))),"") | AB15: =IFERROR(IF(Nutrients[[#This Row],[Solution]]="","",IF(AND(_xlfn.XLOOKUP(Nutrients[[#This Row],[Solution]],Solutions[Name],Solutions[Al],"")="",COUNTIFS(Adjustments[For],Nutrients[[#This Row],[For]],Adjustments[Nutrient],"Al")=0),"",IFERROR(VALUE(_xlfn.XLOOKUP(Nutrients[[#This Row],[Solution]],Solutions[Name],Solutions[Al],"")),0)+SUMIFS(Adjustments[Adjust By],Adjustments[For],Nutrients[[#This Row],[For]],Adjustments[Nutrient],"Al"))),"") | AE15: Ocimum basilicum | AF15: pH (max) | AG15: 6.2 | AI15: e-Gro publication (nutritional monitoring series vol 1 No 14 April 2018)
E16: =IFERROR(IF(Nutrients[[#This Row],[Solution]]="","",IF(AND(_xlfn.XLOOKUP(Nutrients[[#This Row],[Solution]],Solutions[Name],Solutions[EC (min)],"")="",COUNTIFS(Adjustments[For],Nutrients[[#This Row],[For]],Adjustments[Nutrient],"EC (min)")=0),"",IFERROR(VALUE(_xlfn.XLOOKUP(Nutrients[[#This Row],[Solution]],Solutions[Name],Solutions[EC (min)],"")),0)+SUMIFS(Adjustments[Adjust By],Adjustments[For],Nutrients[[#This Row],[For]],Adjustments[Nutrient],"EC (min)"))),"") | F16: =IFERROR(IF(Nutrients[[#This Row],[Solution]]="","",IF(AND(_xlfn.XLOOKUP(Nutrients[[#This Row],[Solution]],Solutions[Name],Solutions[EC (max)],"")="",COUNTIFS(Adjustments[For],Nutrients[[#This Row],[For]],Adjustments[Nutrient],"EC (max)")=0),"",IFERROR(VALUE(_xlfn.XLOOKUP(Nutrients[[#This Row],[Solution]],Solutions[Name],Solutions[EC (max)],"")),0)+SUMIFS(Adjustments[Adjust By],Adjustments[For],Nutrients[[#This Row],[For]],Adjustments[Nutrient],"EC (max)"))),"") | G16: =IFERROR(IF(Nutrients[[#This Row],[Solution]]="","",IF(AND(_xlfn.XLOOKUP(Nutrients[[#This Row],[Solution]],Solutions[Name],Solutions[pH (min)],"")="",COUNTIFS(Adjustments[For],Nutrients[[#This Row],[For]],Adjustments[Nutrient],"pH (min)")=0),"",IFERROR(VALUE(_xlfn.XLOOKUP(Nutrients[[#This Row],[Solution]],Solutions[Name],Solutions[pH (min)],"")),0)+SUMIFS(Adjustments[Adjust By],Adjustments[For],Nutrients[[#This Row],[For]],Adjustments[Nutrient],"pH (min)"))),"") | H16: =IFERROR(IF(Nutrients[[#This Row],[Solution]]="","",IF(AND(_xlfn.XLOOKUP(Nutrients[[#This Row],[Solution]],Solutions[Name],Solutions[pH (max)],"")="",COUNTIFS(Adjustments[For],Nutrients[[#This Row],[For]],Adjustments[Nutrient],"pH (max)")=0),"",IFERROR(VALUE(_xlfn.XLOOKUP(Nutrients[[#This Row],[Solution]],Solutions[Name],Solutions[pH (max)],"")),0)+SUMIFS(Adjustments[Adjust By],Adjustments[For],Nutrients[[#This Row],[For]],Adjustments[Nutrient],"pH (max)"))),"") | I16: =IFERROR(IF(Nutrients[[#This Row],[Solution]]="","",IF(AND(_xlfn.XLOOKUP(Nutrients[[#This Row],[Solution]],Solutions[Name],Solutions[N],"")="",COUNTIFS(Adjustments[For],Nutrients[[#This Row],[For]],Adjustments[Nutrient],"N")=0),"",IFERROR(VALUE(_xlfn.XLOOKUP(Nutrients[[#This Row],[Solution]],Solutions[Name],Solutions[N],"")),0)+SUMIFS(Adjustments[Adjust By],Adjustments[For],Nutrients[[#This Row],[For]],Adjustments[Nutrient],"N"))),"") | J16: =IFERROR(IF(Nutrients[[#This Row],[Solution]]="","",IF(AND(_xlfn.XLOOKUP(Nutrients[[#This Row],[Solution]],Solutions[Name],Solutions[P],"")="",COUNTIFS(Adjustments[For],Nutrients[[#This Row],[For]],Adjustments[Nutrient],"P")=0),"",IFERROR(VALUE(_xlfn.XLOOKUP(Nutrients[[#This Row],[Solution]],Solutions[Name],Solutions[P],"")),0)+SUMIFS(Adjustments[Adjust By],Adjustments[For],Nutrients[[#This Row],[For]],Adjustments[Nutrient],"P"))),"") | K16: =IFERROR(IF(Nutrients[[#This Row],[Solution]]="","",IF(AND(_xlfn.XLOOKUP(Nutrients[[#This Row],[Solution]],Solutions[Name],Solutions[K],"")="",COUNTIFS(Adjustments[For],Nutrients[[#This Row],[For]],Adjustments[Nutrient],"K")=0),"",IFERROR(VALUE(_xlfn.XLOOKUP(Nutrients[[#This Row],[Solution]],Solutions[Name],Solutions[K],"")),0)+SUMIFS(Adjustments[Adjust By],Adjustments[For],Nutrients[[#This Row],[For]],Adjustments[Nutrient],"K"))),"") | L16: =IFERROR(IF(Nutrients[[#This Row],[Solution]]="","",IF(AND(_xlfn.XLOOKUP(Nutrients[[#This Row],[Solution]],Solutions[Name],Solutions[Ca],"")="",COUNTIFS(Adjustments[For],Nutrients[[#This Row],[For]],Adjustments[Nutrient],"Ca")=0),"",IFERROR(VALUE(_xlfn.XLOOKUP(Nutrients[[#This Row],[Solution]],Solutions[Name],Solutions[Ca],"")),0)+SUMIFS(Adjustments[Adjust By],Adjustments[For],Nutrients[[#This Row],[For]],Adjustments[Nutrient],"Ca"))),"") | M16: =IFERROR(IF(Nutrients[[#This Row],[Solution]]="","",IF(AND(_xlfn.XLOOKUP(Nutrients[[#This Row],[Solution]],Solutions[Name],Solutions[Mg],"")="",COUNTIFS(Adjustments[For],Nutrients[[#This Row],[For]],Adjustments[Nutrient],"Mg")=0),"",IFERROR(VALUE(_xlfn.XLOOKUP(Nutrients[[#This Row],[Solution]],Solutions[Name],Solutions[Mg],"")),0)+SUMIFS(Adjustments[Adjust By],Adjustments[For],Nutrients[[#This Row],[For]],Adjustments[Nutrient],"Mg"))),"") | N16: =IFERROR(IF(Nutrients[[#This Row],[Solution]]="","",IF(AND(_xlfn.XLOOKUP(Nutrients[[#This Row],[Solution]],Solutions[Name],Solutions[S],"")="",COUNTIFS(Adjustments[For],Nutrients[[#This Row],[For]],Adjustments[Nutrient],"S")=0),"",IFERROR(VALUE(_xlfn.XLOOKUP(Nutrients[[#This Row],[Solution]],Solutions[Name],Solutions[S],"")),0)+SUMIFS(Adjustments[Adjust By],Adjustments[For],Nutrients[[#This Row],[For]],Adjustments[Nutrient],"S"))),"") | O16: =IFERROR(IF(Nutrients[[#This Row],[Solution]]="","",IF(AND(_xlfn.XLOOKUP(Nutrients[[#This Row],[Solution]],Solutions[Name],Solutions[Fe],"")="",COUNTIFS(Adjustments[For],Nutrients[[#This Row],[For]],Adjustments[Nutrient],"Fe")=0),"",IFERROR(VALUE(_xlfn.XLOOKUP(Nutrients[[#This Row],[Solution]],Solutions[Name],Solutions[Fe],"")),0)+SUMIFS(Adjustments[Adjust By],Adjustments[For],Nutrients[[#This Row],[For]],Adjustments[Nutrient],"Fe"))),"") | P16: =IFERROR(IF(Nutrients[[#This Row],[Solution]]="","",IF(AND(_xlfn.XLOOKUP(Nutrients[[#This Row],[Solution]],Solutions[Name],Solutions[Mn],"")="",COUNTIFS(Adjustments[For],Nutrients[[#This Row],[For]],Adjustments[Nutrient],"Mn")=0),"",IFERROR(VALUE(_xlfn.XLOOKUP(Nutrients[[#This Row],[Solution]],Solutions[Name],Solutions[Mn],"")),0)+SUMIFS(Adjustments[Adjust By],Adjustments[For],Nutrients[[#This Row],[For]],Adjustments[Nutrient],"Mn"))),"") | Q16: =IFERROR(IF(Nutrients[[#This Row],[Solution]]="","",IF(AND(_xlfn.XLOOKUP(Nutrients[[#This Row],[Solution]],Solutions[Name],Solutions[Zn],"")="",COUNTIFS(Adjustments[For],Nutrients[[#This Row],[For]],Adjustments[Nutrient],"Zn")=0),"",IFERROR(VALUE(_xlfn.XLOOKUP(Nutrients[[#This Row],[Solution]],Solutions[Name],Solutions[Zn],"")),0)+SUMIFS(Adjustments[Adjust By],Adjustments[For],Nutrients[[#This Row],[For]],Adjustments[Nutrient],"Zn"))),"") | R16: =IFERROR(IF(Nutrients[[#This Row],[Solution]]="","",IF(AND(_xlfn.XLOOKUP(Nutrients[[#This Row],[Solution]],Solutions[Name],Solutions[B],"")="",COUNTIFS(Adjustments[For],Nutrients[[#This Row],[For]],Adjustments[Nutrient],"B")=0),"",IFERROR(VALUE(_xlfn.XLOOKUP(Nutrients[[#This Row],[Solution]],Solutions[Name],Solutions[B],"")),0)+SUMIFS(Adjustments[Adjust By],Adjustments[For],Nutrients[[#This Row],[For]],Adjustments[Nutrient],"B"))),"") | S16: =IFERROR(IF(Nutrients[[#This Row],[Solution]]="","",IF(AND(_xlfn.XLOOKUP(Nutrients[[#This Row],[Solution]],Solutions[Name],Solutions[Cu],"")="",COUNTIFS(Adjustments[For],Nutrients[[#This Row],[For]],Adjustments[Nutrient],"Cu")=0),"",IFERROR(VALUE(_xlfn.XLOOKUP(Nutrients[[#This Row],[Solution]],Solutions[Name],Solutions[Cu],"")),0)+SUMIFS(Adjustments[Adjust By],Adjustments[For],Nutrients[[#This Row],[For]],Adjustments[Nutrient],"Cu"))),"") | T16: =IFERROR(IF(Nutrients[[#This Row],[Solution]]="","",IF(AND(_xlfn.XLOOKUP(Nutrients[[#This Row],[Solution]],Solutions[Name],Solutions[Mo],"")="",COUNTIFS(Adjustments[For],Nutrients[[#This Row],[For]],Adjustments[Nutrient],"Mo")=0),"",IFERROR(VALUE(_xlfn.XLOOKUP(Nutrients[[#This Row],[Solution]],Solutions[Name],Solutions[Mo],"")),0)+SUMIFS(Adjustments[Adjust By],Adjustments[For],Nutrients[[#This Row],[For]],Adjustments[Nutrient],"Mo"))),"") | U16: =IFERROR(IF(Nutrients[[#This Row],[Solution]]="","",IF(AND(_xlfn.XLOOKUP(Nutrients[[#This Row],[Solution]],Solutions[Name],Solutions[Ni],"")="",COUNTIFS(Adjustments[For],Nutrients[[#This Row],[For]],Adjustments[Nutrient],"Ni")=0),"",IFERROR(VALUE(_xlfn.XLOOKUP(Nutrients[[#This Row],[Solution]],Solutions[Name],Solutions[Ni],"")),0)+SUMIFS(Adjustments[Adjust By],Adjustments[For],Nutrients[[#This Row],[For]],Adjustments[Nutrient],"Ni"))),"") | V16: =IFERROR(IF(Nutrients[[#This Row],[Solution]]="","",IF(AND(_xlfn.XLOOKUP(Nutrients[[#This Row],[Solution]],Solutions[Name],Solutions[Cl],"")="",COUNTIFS(Adjustments[For],Nutrients[[#This Row],[For]],Adjustments[Nutrient],"Cl")=0),"",IFERROR(VALUE(_xlfn.XLOOKUP(Nutrients[[#This Row],[Solution]],Solutions[Name],Solutions[Cl],"")),0)+SUMIFS(Adjustments[Adjust By],Adjustments[For],Nutrients[[#This Row],[For]],Adjustments[Nutrient],"Cl"))),"") | W16: =IFERROR(IF(Nutrients[[#This Row],[Solution]]="","",IF(AND(_xlfn.XLOOKUP(Nutrients[[#This Row],[Solution]],Solutions[Name],Solutions[Na],"")="",COUNTIFS(Adjustments[For],Nutrients[[#This Row],[For]],Adjustments[Nutrient],"Na")=0),"",IFERROR(VALUE(_xlfn.XLOOKUP(Nutrients[[#This Row],[Solution]],Solutions[Name],Solutions[Na],"")),0)+SUMIFS(Adjustments[Adjust By],Adjustments[For],Nutrients[[#This Row],[For]],Adjustments[Nutrient],"Na"))),"") | X16: =IFERROR(IF(Nutrients[[#This Row],[Solution]]="","",IF(AND(_xlfn.XLOOKUP(Nutrients[[#This Row],[Solution]],Solutions[Name],Solutions[Si],"")="",COUNTIFS(Adjustments[For],Nutrients[[#This Row],[For]],Adjustments[Nutrient],"Si")=0),"",IFERROR(VALUE(_xlfn.XLOOKUP(Nutrients[[#This Row],[Solution]],Solutions[Name],Solutions[Si],"")),0)+SUMIFS(Adjustments[Adjust By],Adjustments[For],Nutrients[[#This Row],[For]],Adjustments[Nutrient],"Si"))),"") | Y16: =IFERROR(IF(Nutrients[[#This Row],[Solution]]="","",IF(AND(_xlfn.XLOOKUP(Nutrients[[#This Row],[Solution]],Solutions[Name],Solutions[Co],"")="",COUNTIFS(Adjustments[For],Nutrients[[#This Row],[For]],Adjustments[Nutrient],"Co")=0),"",IFERROR(VALUE(_xlfn.XLOOKUP(Nutrients[[#This Row],[Solution]],Solutions[Name],Solutions[Co],"")),0)+SUMIFS(Adjustments[Adjust By],Adjustments[For],Nutrients[[#This Row],[For]],Adjustments[Nutrient],"Co"))),"") | Z16: =IFERROR(IF(Nutrients[[#This Row],[Solution]]="","",IF(AND(_xlfn.XLOOKUP(Nutrients[[#This Row],[Solution]],Solutions[Name],Solutions[I],"")="",COUNTIFS(Adjustments[For],Nutrients[[#This Row],[For]],Adjustments[Nutrient],"I")=0),"",IFERROR(VALUE(_xlfn.XLOOKUP(Nutrients[[#This Row],[Solution]],Solutions[Name],Solutions[I],"")),0)+SUMIFS(Adjustments[Adjust By],Adjustments[For],Nutrients[[#This Row],[For]],Adjustments[Nutrient],"I"))),"") | AA16: =IFERROR(IF(Nutrients[[#This Row],[Solution]]="","",IF(AND(_xlfn.XLOOKUP(Nutrients[[#This Row],[Solution]],Solutions[Name],Solutions[Se],"")="",COUNTIFS(Adjustments[For],Nutrients[[#This Row],[For]],Adjustments[Nutrient],"Se")=0),"",IFERROR(VALUE(_xlfn.XLOOKUP(Nutrients[[#This Row],[Solution]],Solutions[Name],Solutions[Se],"")),0)+SUMIFS(Adjustments[Adjust By],Adjustments[For],Nutrients[[#This Row],[For]],Adjustments[Nutrient],"Se"))),"") | AB16: =IFERROR(IF(Nutrients[[#This Row],[Solution]]="","",IF(AND(_xlfn.XLOOKUP(Nutrients[[#This Row],[Solution]],Solutions[Name],Solutions[Al],"")="",COUNTIFS(Adjustments[For],Nutrients[[#This Row],[For]],Adjustments[Nutrient],"Al")=0),"",IFERROR(VALUE(_xlfn.XLOOKUP(Nutrients[[#This Row],[Solution]],Solutions[Name],Solutions[Al],"")),0)+SUMIFS(Adjustments[Adjust By],Adjustments[For],Nutrients[[#This Row],[For]],Adjustments[Nutrient],"Al"))),"") | AE16: Ocimum basilicum | AF16: pH (min) | AG16: 5.8 | AI16: e-Gro publication (nutritional monitoring series vol 1 No 14 April 2018)
AE17: Ocimum basilicum | AF17: S | AG17: 32 | AI17: Modified Hoagland nutrient solution from Taiz et al. 2022 "Plant Physiology and Development"
AE18: Ocimum basilicum | AF18: Si | AG18: 28 | AI18: Modified Hoagland nutrient solution from Taiz et al. 2022 "Plant Physiology and Development"
AE19: Lactuca sativa | AF19: Cl | AG19: 1.77 | AI19: Modified Hoagland nutrient solution from Taiz et al. 2022 "Plant Physiology and Development"
AE20: Lactuca sativa | AF20: Ni | AG20: 0.03 | AI20: Modified Hoagland nutrient solution from Taiz et al. 2022 "Plant Physiology and Development"
AE21: Lactuca sativa | AF21: S | AG21: 32 | AI21: Modified Hoagland nutrient solution from Taiz et al. 2022 "Plant Physiology and Development"
AE22: Lactuca sativa | AF22: Si | AG22: 28 | AI22: Modified Hoagland nutrient solution from Taiz et al. 2022 "Plant Physiology and Development"

Sheet Recipes
A1: Hydroponic Nutrient Solution Calculator
A2: Adapted from the University of Missouri Extension calculator (J. Cabrera-Garcia & R. Milhollin, 1/2026; see MU Extension g6984).
A4: Fertilizer ppm: ppm of N supplied = grams x %N x 10 / liters. The Fertilizers sheet analysis columns are ppm of each element delivered when the fertilizer supplies 100 ppm N, so ppm of an element = ppm N supplied x (value / 100).
A5: Crop requirement: average of every row for the crop in the Nutrients sheet (blank cells ignored), the same averaging the Nutrients sheet uses for N, P and K. Urea, ammonium-N and nitrate-N have no crop requirement.
A6: Water test sulfate (SO4) is converted to S with the ratio above before it is added to the S column. Row heights and the dropdown lists follow the Nutrients and Fertilizers tables as they grow.
A10: Crop | B10: Volume (mL) | C10: Volume (L) | D10: pH (min) | E10: pH (max) | F10: EC (min) | G10: EC (max)
A11: Ocimum basilicum | B11: 1700 | C11: =Recipes_Crop[Volume (mL)] / 1000 -> 1.7 | D11: =IF(Recipes_Crop[[#This Row],[Crop]]="","",_xlfn.LET(_xlpm.x,_xlfn.XLOOKUP(Recipes_Crop[[#This Row],[Crop]],Nutrients[For],Nutrients[pH (min)],""),IF(ISNUMBER(_xlpm.x),_xlpm.x,""))) -> 5.8 | E11: =IF(Recipes_Crop[[#This Row],[Crop]]="","",_xlfn.LET(_xlpm.x,_xlfn.XLOOKUP(Recipes_Crop[[#This Row],[Crop]],Nutrients[For],Nutrients[pH (max)],""),IF(ISNUMBER(_xlpm.x),_xlpm.x,""))) -> 6.2 | F11: =IF(Recipes_Crop[[#This Row],[Crop]]="","",_xlfn.LET(_xlpm.x,_xlfn.XLOOKUP(Recipes_Crop[[#This Row],[Crop]],Nutrients[For],Nutrients[EC (min)],""),IF(ISNUMBER(_xlpm.x),_xlpm.x,""))) -> 0.5 | G11: =IF(Recipes_Crop[[#This Row],[Crop]]="","",_xlfn.LET(_xlpm.x,_xlfn.XLOOKUP(Recipes_Crop[[#This Row],[Crop]],Nutrients[For],Nutrients[EC (max)],""),IF(ISNUMBER(_xlpm.x),_xlpm.x,""))) -> 1.5
A14: CAUTION: Precipitation of incompatible salts at high concentrations.
A15: Fertilizer | B15: Nutrient | C15: Target PPM | D15: Active | E15: Amount (g) | F15: Fertilizer (g/L)
A16: 12-4-16 | B16: N (%) | C16: 150 | D16: 1 | E16: {=IF(OR(Recipe_Input[[#This Row],[Fertilizer]]="", Recipe_Input[[#This Row],[Nutrient]]="", Recipe_Input[[#This Row],[Target PPM]]=""), "", IF(OR(Recipe_Input[[#This Row],[Target PPM]]=0, Recipe_Input[[#This Row],[Active]]=0), 0, _xlfn.LET(_xlpm.x, Recipe_Input[[#This Row],[Target PPM]] /_xlfn.XLOOKUP( Recipe_Input[[#This Row],[Fertilizer]], Fertilizers[Fertilizer], _xlfn.XLOOKUP(Recipe_Input[[#This Row],[Nutrient]],Fertilizers[#Headers],Fertilizers[#Data]) ) /10 *Recipes_Crop[Volume (L)], ROUND(_xlpm.x, 4-INT(LOG10(ABS(_xlpm.x)))-1))))} -> 2.125 | F16: {=IF(Recipe_Input[[#This Row],[Amount (g)]]="", "", IF(Recipe_Input[[#This Row],[Amount (g)]]=0, 0, _xlfn.LET(_xlpm.x, Recipe_Input[[#This Row],[Amount (g)]]/Recipes_Crop[Volume (L)], ROUND(_xlpm.x, 4-INT(LOG10(ABS(_xlpm.x)))-1))))} -> 1.25
A17: Epsom Salt | B17: S (%) | C17: 25 | D17: 1 | E17: {=IF(OR(Recipe_Input[[#This Row],[Fertilizer]]="", Recipe_Input[[#This Row],[Nutrient]]="", Recipe_Input[[#This Row],[Target PPM]]=""), "", IF(OR(Recipe_Input[[#This Row],[Target PPM]]=0, Recipe_Input[[#This Row],[Active]]=0), 0, _xlfn.LET(_xlpm.x, Recipe_Input[[#This Row],[Target PPM]] /_xlfn.XLOOKUP( Recipe_Input[[#This Row],[Fertilizer]], Fertilizers[Fertilizer], _xlfn.XLOOKUP(Recipe_Input[[#This Row],[Nutrient]],Fertilizers[#Headers],Fertilizers[#Data]) ) /10 *Recipes_Crop[Volume (L)], ROUND(_xlpm.x, 4-INT(LOG10(ABS(_xlpm.x)))-1))))} -> 0.3267 | F17: {=IF(Recipe_Input[[#This Row],[Amount (g)]]="", "", IF(Recipe_Input[[#This Row],[Amount (g)]]=0, 0, _xlfn.LET(_xlpm.x, Recipe_Input[[#This Row],[Amount (g)]]/Recipes_Crop[Volume (L)], ROUND(_xlpm.x, 4-INT(LOG10(ABS(_xlpm.x)))-1))))} -> 0.1922
A18: Calcium Nitrate | B18: N (%) | C18: 15 | D18: 0 | E18: {=IF(OR(Recipe_Input[[#This Row],[Fertilizer]]="", Recipe_Input[[#This Row],[Nutrient]]="", Recipe_Input[[#This Row],[Target PPM]]=""), "", IF(OR(Recipe_Input[[#This Row],[Target PPM]]=0, Recipe_Input[[#This Row],[Active]]=0), 0, _xlfn.LET(_xlpm.x, Recipe_Input[[#This Row],[Target PPM]] /_xlfn.XLOOKUP( Recipe_Input[[#This Row],[Fertilizer]], Fertilizers[Fertilizer], _xlfn.XLOOKUP(Recipe_Input[[#This Row],[Nutrient]],Fertilizers[#Headers],Fertilizers[#Data]) ) /10 *Recipes_Crop[Volume (L)], ROUND(_xlpm.x, 4-INT(LOG10(ABS(_xlpm.x)))-1))))} -> 0 | F18: {=IF(Recipe_Input[[#This Row],[Amount (g)]]="", "", IF(Recipe_Input[[#This Row],[Amount (g)]]=0, 0, _xlfn.LET(_xlpm.x, Recipe_Input[[#This Row],[Amount (g)]]/Recipes_Crop[Volume (L)], ROUND(_xlpm.x, 4-INT(LOG10(ABS(_xlpm.x)))-1))))} -> 0
A19: Potassium Chloride | B19: Cl (%) | C19: 1.5 | D19: 0 | E19: {=IF(OR(Recipe_Input[[#This Row],[Fertilizer]]="", Recipe_Input[[#This Row],[Nutrient]]="", Recipe_Input[[#This Row],[Target PPM]]=""), "", IF(OR(Recipe_Input[[#This Row],[Target PPM]]=0, Recipe_Input[[#This Row],[Active]]=0), 0, _xlfn.LET(_xlpm.x, Recipe_Input[[#This Row],[Target PPM]] /_xlfn.XLOOKUP( Recipe_Input[[#This Row],[Fertilizer]], Fertilizers[Fertilizer], _xlfn.XLOOKUP(Recipe_Input[[#This Row],[Nutrient]],Fertilizers[#Headers],Fertilizers[#Data]) ) /10 *Recipes_Crop[Volume (L)], ROUND(_xlpm.x, 4-INT(LOG10(ABS(_xlpm.x)))-1))))} -> 0 | F19: {=IF(Recipe_Input[[#This Row],[Amount (g)]]="", "", IF(Recipe_Input[[#This Row],[Amount (g)]]=0, 0, _xlfn.LET(_xlpm.x, Recipe_Input[[#This Row],[Amount (g)]]/Recipes_Crop[Volume (L)], ROUND(_xlpm.x, 4-INT(LOG10(ABS(_xlpm.x)))-1))))} -> 0
A20: Potassium Sulfate | B20: S (%) | C20: 20 | D20: 0 | E20: {=IF(OR(Recipe_Input[[#This Row],[Fertilizer]]="", Recipe_Input[[#This Row],[Nutrient]]="", Recipe_Input[[#This Row],[Target PPM]]=""), "", IF(OR(Recipe_Input[[#This Row],[Target PPM]]=0, Recipe_Input[[#This Row],[Active]]=0), 0, _xlfn.LET(_xlpm.x, Recipe_Input[[#This Row],[Target PPM]] /_xlfn.XLOOKUP( Recipe_Input[[#This Row],[Fertilizer]], Fertilizers[Fertilizer], _xlfn.XLOOKUP(Recipe_Input[[#This Row],[Nutrient]],Fertilizers[#Headers],Fertilizers[#Data]) ) /10 *Recipes_Crop[Volume (L)], ROUND(_xlpm.x, 4-INT(LOG10(ABS(_xlpm.x)))-1))))} -> 0 | F20: {=IF(Recipe_Input[[#This Row],[Amount (g)]]="", "", IF(Recipe_Input[[#This Row],[Amount (g)]]=0, 0, _xlfn.LET(_xlpm.x, Recipe_Input[[#This Row],[Amount (g)]]/Recipes_Crop[Volume (L)], ROUND(_xlpm.x, 4-INT(LOG10(ABS(_xlpm.x)))-1))))} -> 0
B23: Nitrogen | F23: Phosphorus | G23: Potassium | H23: Calcium | I23: Magnesium | J23: Sulfur | K23: Boron | L23: Copper | M23: Iron | N23: Manganese | O23: Molybdenum | P23: Zinc | Q23: Chlorine | R23: Silicone | S23: Nickel | T23: Sodium | U23: Cobolt | V23: Iodine | W23: Selenium | X23: Aluminum
A24: Nutrient Concentration (ppm) | B24: Total N | C24: Ammonium-N | D24: Nitrate-N | E24: Urea | F24: P | G24: K | H24: Ca | I24: Mg | J24: S | K24: B | L24: Cu | M24: Fe | N24: Mn | O24: Mo | P24: Zn | Q24: Cl | R24: Si | S24: Ni | T24: Na | U24: Co | V24: I | W24: Se | X24: Al | Y24: K/N
A25: {=_xlfn.LET(_xlpm.idx, ROW()-ROW(Recipe_Calc[#Headers]), _xlpm.fertilizer, INDEX(Recipe_Input[Fertilizer], _xlpm.idx), _xlpm.grams, INDEX(Recipe_Input[Amount (g)], _xlpm.idx), IF(_xlpm.fertilizer="", "", IF(_xlpm.grams=0, "", _xlpm.fertilizer)))} -> 12-4-16 | B25: =IFERROR(_xlfn.XLOOKUP(Recipe_Calc[[#This Row],[Nutrient Concentration (ppm)]],Recipe_Input[Fertilizer],Recipe_Input[Amount (g)])*_xlfn.XLOOKUP(Recipe_Calc[[#This Row],[Nutrient Concentration (ppm)]],Fertilizers[Fertilizer],Fertilizers[Total N (%)])*10/Recipes_Crop[Volume (L)],0) -> 150 | C25: =IFERROR(_xlfn.XLOOKUP(Recipe_Calc[[#This Row],[Nutrient Concentration (ppm)]],Recipe_Input[Fertilizer],Recipe_Input[Amount (g)])*_xlfn.XLOOKUP(Recipe_Calc[[#This Row],[Nutrient Concentration (ppm)]],Fertilizers[Fertilizer],Fertilizers[NH₄ (%/N)])*10/Recipes_Crop[Volume (L)],0) -> 2.5 | D25: =IFERROR(_xlfn.XLOOKUP(Recipe_Calc[[#This Row],[Nutrient Concentration (ppm)]],Recipe_Input[Fertilizer],Recipe_Input[Amount (g)])*_xlfn.XLOOKUP(Recipe_Calc[[#This Row],[Nutrient Concentration (ppm)]],Fertilizers[Fertilizer],Fertilizers[NO₃ (%/N)])*10/Recipes_Crop[Volume (L)],0) -> 147.5 | E25: =IFERROR(_xlfn.XLOOKUP(Recipe_Calc[[#This Row],[Nutrient Concentration (ppm)]],Recipe_Input[Fertilizer],Recipe_Input[Amount (g)])*_xlfn.XLOOKUP(Recipe_Calc[[#This Row],[Nutrient Concentration (ppm)]],Fertilizers[Fertilizer],Fertilizers[CO(NH₂)₂ (%/N)])*10/Recipes_Crop[Volume (L)],0) -> 0 | F25: =IFERROR(_xlfn.XLOOKUP(Recipe_Calc[[#This Row],[Nutrient Concentration (ppm)]],Recipe_Input[Fertilizer],Recipe_Input[Amount (g)])*_xlfn.XLOOKUP(Recipe_Calc[[#This Row],[Nutrient Concentration (ppm)]],Fertilizers[Fertilizer],Fertilizers[P (%)])*10/Recipes_Crop[Volume (L)],0) -> 21.819078 | G25: =IFERROR(_xlfn.XLOOKUP(Recipe_Calc[[#This Row],[Nutrient Concentration (ppm)]],Recipe_Input[Fertilizer],Recipe_Input[Amount (g)])*_xlfn.XLOOKUP(Recipe_Calc[[#This Row],[Nutrient Concentration (ppm)]],Fertilizers[Fertilizer],Fertilizers[K (%)])*10/Recipes_Crop[Volume (L)],0) -> 166.02972 | H25: =IFERROR(_xlfn.XLOOKUP(Recipe_Calc[[#This Row],[Nutrient Concentration (ppm)]],Recipe_Input[Fertilizer],Recipe_Input[Amount (g)])*_xlfn.XLOOKUP(Recipe_Calc[[#This Row],[Nutrient Concentration (ppm)]],Fertilizers[Fertilizer],Fertilizers[Ca (%)])*10/Recipes_Crop[Volume (L)],0) -> 87.5 | I25: =IFERROR(_xlfn.XLOOKUP(Recipe_Calc[[#This Row],[Nutrient Concentration (ppm)]],Recipe_Input[Fertilizer],Recipe_Input[Amount (g)])*_xlfn.XLOOKUP(Recipe_Calc[[#This Row],[Nutrient Concentration (ppm)]],Fertilizers[Fertilizer],Fertilizers[Mg (%)])*10/Recipes_Crop[Volume (L)],0) -> 25 | J25: =IFERROR(_xlfn.XLOOKUP(Recipe_Calc[[#This Row],[Nutrient Concentration (ppm)]],Recipe_Input[Fertilizer],Recipe_Input[Amount (g)])*_xlfn.XLOOKUP(Recipe_Calc[[#This Row],[Nutrient Concentration (ppm)]],Fertilizers[Fertilizer],Fertilizers[S (%)])*10/Recipes_Crop[Volume (L)],0) -> 0 | K25: =IFERROR(_xlfn.XLOOKUP(Recipe_Calc[[#This Row],[Nutrient Concentration (ppm)]],Recipe_Input[Fertilizer],Recipe_Input[Amount (g)])*_xlfn.XLOOKUP(Recipe_Calc[[#This Row],[Nutrient Concentration (ppm)]],Fertilizers[Fertilizer],Fertilizers[B (%)])*10/Recipes_Crop[Volume (L)],0) -> 0.25 | L25: =IFERROR(_xlfn.XLOOKUP(Recipe_Calc[[#This Row],[Nutrient Concentration (ppm)]],Recipe_Input[Fertilizer],Recipe_Input[Amount (g)])*_xlfn.XLOOKUP(Recipe_Calc[[#This Row],[Nutrient Concentration (ppm)]],Fertilizers[Fertilizer],Fertilizers[Cu (%)])*10/Recipes_Crop[Volume (L)],0) -> 0.25 | M25: =IFERROR(_xlfn.XLOOKUP(Recipe_Calc[[#This Row],[Nutrient Concentration (ppm)]],Recipe_Input[Fertilizer],Recipe_Input[Amount (g)])*_xlfn.XLOOKUP(Recipe_Calc[[#This Row],[Nutrient Concentration (ppm)]],Fertilizers[Fertilizer],Fertilizers[Fe (%)])*10/Recipes_Crop[Volume (L)],0) -> 1.875 | N25: =IFERROR(_xlfn.XLOOKUP(Recipe_Calc[[#This Row],[Nutrient Concentration (ppm)]],Recipe_Input[Fertilizer],Recipe_Input[Amount (g)])*_xlfn.XLOOKUP(Recipe_Calc[[#This Row],[Nutrient Concentration (ppm)]],Fertilizers[Fertilizer],Fertilizers[Mn (%)])*10/Recipes_Crop[Volume (L)],0) -> 0.625 | O25: =IFERROR(_xlfn.XLOOKUP(Recipe_Calc[[#This Row],[Nutrient Concentration (ppm)]],Recipe_Input[Fertilizer],Recipe_Input[Amount (g)])*_xlfn.XLOOKUP(Recipe_Calc[[#This Row],[Nutrient Concentration (ppm)]],Fertilizers[Fertilizer],Fertilizers[Mo (%)])*10/Recipes_Crop[Volume (L)],0) -> 0.0125 | P25: =IFERROR(_xlfn.XLOOKUP(Recipe_Calc[[#This Row],[Nutrient Concentration (ppm)]],Recipe_Input[Fertilizer],Recipe_Input[Amount (g)])*_xlfn.XLOOKUP(Recipe_Calc[[#This Row],[Nutrient Concentration (ppm)]],Fertilizers[Fertilizer],Fertilizers[Zn (%)])*10/Recipes_Crop[Volume (L)],0) -> 0.4375 | Q25: =IFERROR(_xlfn.XLOOKUP(Recipe_Calc[[#This Row],[Nutrient Concentration (ppm)]],Recipe_Input[Fertilizer],Recipe_Input[Amount (g)])*_xlfn.XLOOKUP(Recipe_Calc[[#This Row],[Nutrient Concentration (ppm)]],Fertilizers[Fertilizer],Fertilizers[Cl (%)])*10/Recipes_Crop[Volume (L)],0) -> 0 | R25: =IFERROR(_xlfn.XLOOKUP(Recipe_Calc[[#This Row],[Nutrient Concentration (ppm)]],Recipe_Input[Fertilizer],Recipe_Input[Amount (g)])*_xlfn.XLOOKUP(Recipe_Calc[[#This Row],[Nutrient Concentration (ppm)]],Fertilizers[Fertilizer],Fertilizers[Si (%)])*10/Recipes_Crop[Volume (L)],0) -> 0 | S25: =IFERROR(_xlfn.XLOOKUP(Recipe_Calc[[#This Row],[Nutrient Concentration (ppm)]],Recipe_Input[Fertilizer],Recipe_Input[Amount (g)])*_xlfn.XLOOKUP(Recipe_Calc[[#This Row],[Nutrient Concentration (ppm)]],Fertilizers[Fertilizer],Fertilizers[Ni (%)])*10/Recipes_Crop[Volume (L)],0) -> 0 | T25: =IFERROR(_xlfn.XLOOKUP(Recipe_Calc[[#This Row],[Nutrient Concentration (ppm)]],Recipe_Input[Fertilizer],Recipe_Input[Amount (g)])*_xlfn.XLOOKUP(Recipe_Calc[[#This Row],[Nutrient Concentration (ppm)]],Fertilizers[Fertilizer],Fertilizers[Na (%)])*10/Recipes_Crop[Volume (L)],0) -> 0 | U25: =IFERROR(_xlfn.XLOOKUP(Recipe_Calc[[#This Row],[Nutrient Concentration (ppm)]],Recipe_Input[Fertilizer],Recipe_Input[Amount (g)])*_xlfn.XLOOKUP(Recipe_Calc[[#This Row],[Nutrient Concentration (ppm)]],Fertilizers[Fertilizer],Fertilizers[Co (%)])*10/Recipes_Crop[Volume (L)],0) -> 0 | V25: =IFERROR(_xlfn.XLOOKUP(Recipe_Calc[[#This Row],[Nutrient Concentration (ppm)]],Recipe_Input[Fertilizer],Recipe_Input[Amount (g)])*_xlfn.XLOOKUP(Recipe_Calc[[#This Row],[Nutrient Concentration (ppm)]],Fertilizers[Fertilizer],Fertilizers[I (%)])*10/Recipes_Crop[Volume (L)],0) -> 0 | W25: =IFERROR(_xlfn.XLOOKUP(Recipe_Calc[[#This Row],[Nutrient Concentration (ppm)]],Recipe_Input[Fertilizer],Recipe_Input[Amount (g)])*_xlfn.XLOOKUP(Recipe_Calc[[#This Row],[Nutrient Concentration (ppm)]],Fertilizers[Fertilizer],Fertilizers[Se (%)])*10/Recipes_Crop[Volume (L)],0) -> 0 | X25: =IFERROR(_xlfn.XLOOKUP(Recipe_Calc[[#This Row],[Nutrient Concentration (ppm)]],Recipe_Input[Fertilizer],Recipe_Input[Amount (g)])*_xlfn.XLOOKUP(Recipe_Calc[[#This Row],[Nutrient Concentration (ppm)]],Fertilizers[Fertilizer],Fertilizers[Al (%)])*10/Recipes_Crop[Volume (L)],0) -> 0
A26: {=_xlfn.LET(_xlpm.idx, ROW()-ROW(Recipe_Calc[#Headers]), _xlpm.fertilizer, INDEX(Recipe_Input[Fertilizer], _xlpm.idx), _xlpm.grams, INDEX(Recipe_Input[Amount (g)], _xlpm.idx), IF(_xlpm.fertilizer="", "", IF(_xlpm.grams=0, "", _xlpm.fertilizer)))} -> Epsom Salt | B26: =IFERROR(_xlfn.XLOOKUP(Recipe_Calc[[#This Row],[Nutrient Concentration (ppm)]],Recipe_Input[Fertilizer],Recipe_Input[Amount (g)])*_xlfn.XLOOKUP(Recipe_Calc[[#This Row],[Nutrient Concentration (ppm)]],Fertilizers[Fertilizer],Fertilizers[Total N (%)])*10/Recipes_Crop[Volume (L)],0) -> 0 | C26: =IFERROR(_xlfn.XLOOKUP(Recipe_Calc[[#This Row],[Nutrient Concentration (ppm)]],Recipe_Input[Fertilizer],Recipe_Input[Amount (g)])*_xlfn.XLOOKUP(Recipe_Calc[[#This Row],[Nutrient Concentration (ppm)]],Fertilizers[Fertilizer],Fertilizers[NH₄ (%/N)])*10/Recipes_Crop[Volume (L)],0) -> 0 | D26: =IFERROR(_xlfn.XLOOKUP(Recipe_Calc[[#This Row],[Nutrient Concentration (ppm)]],Recipe_Input[Fertilizer],Recipe_Input[Amount (g)])*_xlfn.XLOOKUP(Recipe_Calc[[#This Row],[Nutrient Concentration (ppm)]],Fertilizers[Fertilizer],Fertilizers[NO₃ (%/N)])*10/Recipes_Crop[Volume (L)],0) -> 0 | E26: =IFERROR(_xlfn.XLOOKUP(Recipe_Calc[[#This Row],[Nutrient Concentration (ppm)]],Recipe_Input[Fertilizer],Recipe_Input[Amount (g)])*_xlfn.XLOOKUP(Recipe_Calc[[#This Row],[Nutrient Concentration (ppm)]],Fertilizers[Fertilizer],Fertilizers[CO(NH₂)₂ (%/N)])*10/Recipes_Crop[Volume (L)],0) -> 0 | F26: =IFERROR(_xlfn.XLOOKUP(Recipe_Calc[[#This Row],[Nutrient Concentration (ppm)]],Recipe_Input[Fertilizer],Recipe_Input[Amount (g)])*_xlfn.XLOOKUP(Recipe_Calc[[#This Row],[Nutrient Concentration (ppm)]],Fertilizers[Fertilizer],Fertilizers[P (%)])*10/Recipes_Crop[Volume (L)],0) -> 0 | G26: =IFERROR(_xlfn.XLOOKUP(Recipe_Calc[[#This Row],[Nutrient Concentration (ppm)]],Recipe_Input[Fertilizer],Recipe_Input[Amount (g)])*_xlfn.XLOOKUP(Recipe_Calc[[#This Row],[Nutrient Concentration (ppm)]],Fertilizers[Fertilizer],Fertilizers[K (%)])*10/Recipes_Crop[Volume (L)],0) -> 0 | H26: =IFERROR(_xlfn.XLOOKUP(Recipe_Calc[[#This Row],[Nutrient Concentration (ppm)]],Recipe_Input[Fertilizer],Recipe_Input[Amount (g)])*_xlfn.XLOOKUP(Recipe_Calc[[#This Row],[Nutrient Concentration (ppm)]],Fertilizers[Fertilizer],Fertilizers[Ca (%)])*10/Recipes_Crop[Volume (L)],0) -> 0 | I26: =IFERROR(_xlfn.XLOOKUP(Recipe_Calc[[#This Row],[Nutrient Concentration (ppm)]],Recipe_Input[Fertilizer],Recipe_Input[Amount (g)])*_xlfn.XLOOKUP(Recipe_Calc[[#This Row],[Nutrient Concentration (ppm)]],Fertilizers[Fertilizer],Fertilizers[Mg (%)])*10/Recipes_Crop[Volume (L)],0) -> 18.9486 | J26: =IFERROR(_xlfn.XLOOKUP(Recipe_Calc[[#This Row],[Nutrient Concentration (ppm)]],Recipe_Input[Fertilizer],Recipe_Input[Amount (g)])*_xlfn.XLOOKUP(Recipe_Calc[[#This Row],[Nutrient Concentration (ppm)]],Fertilizers[Fertilizer],Fertilizers[S (%)])*10/Recipes_Crop[Volume (L)],0) -> 25.002159 | K26: =IFERROR(_xlfn.XLOOKUP(Recipe_Calc[[#This Row],[Nutrient Concentration (ppm)]],Recipe_Input[Fertilizer],Recipe_Input[Amount (g)])*_xlfn.XLOOKUP(Recipe_Calc[[#This Row],[Nutrient Concentration (ppm)]],Fertilizers[Fertilizer],Fertilizers[B (%)])*10/Recipes_Crop[Volume (L)],0) -> 0 | L26: =IFERROR(_xlfn.XLOOKUP(Recipe_Calc[[#This Row],[Nutrient Concentration (ppm)]],Recipe_Input[Fertilizer],Recipe_Input[Amount (g)])*_xlfn.XLOOKUP(Recipe_Calc[[#This Row],[Nutrient Concentration (ppm)]],Fertilizers[Fertilizer],Fertilizers[Cu (%)])*10/Recipes_Crop[Volume (L)],0) -> 0 | M26: =IFERROR(_xlfn.XLOOKUP(Recipe_Calc[[#This Row],[Nutrient Concentration (ppm)]],Recipe_Input[Fertilizer],Recipe_Input[Amount (g)])*_xlfn.XLOOKUP(Recipe_Calc[[#This Row],[Nutrient Concentration (ppm)]],Fertilizers[Fertilizer],Fertilizers[Fe (%)])*10/Recipes_Crop[Volume (L)],0) -> 0 | N26: =IFERROR(_xlfn.XLOOKUP(Recipe_Calc[[#This Row],[Nutrient Concentration (ppm)]],Recipe_Input[Fertilizer],Recipe_Input[Amount (g)])*_xlfn.XLOOKUP(Recipe_Calc[[#This Row],[Nutrient Concentration (ppm)]],Fertilizers[Fertilizer],Fertilizers[Mn (%)])*10/Recipes_Crop[Volume (L)],0) -> 0 | O26: =IFERROR(_xlfn.XLOOKUP(Recipe_Calc[[#This Row],[Nutrient Concentration (ppm)]],Recipe_Input[Fertilizer],Recipe_Input[Amount (g)])*_xlfn.XLOOKUP(Recipe_Calc[[#This Row],[Nutrient Concentration (ppm)]],Fertilizers[Fertilizer],Fertilizers[Mo (%)])*10/Recipes_Crop[Volume (L)],0) -> 0 | P26: =IFERROR(_xlfn.XLOOKUP(Recipe_Calc[[#This Row],[Nutrient Concentration (ppm)]],Recipe_Input[Fertilizer],Recipe_Input[Amount (g)])*_xlfn.XLOOKUP(Recipe_Calc[[#This Row],[Nutrient Concentration (ppm)]],Fertilizers[Fertilizer],Fertilizers[Zn (%)])*10/Recipes_Crop[Volume (L)],0) -> 0 | Q26: =IFERROR(_xlfn.XLOOKUP(Recipe_Calc[[#This Row],[Nutrient Concentration (ppm)]],Recipe_Input[Fertilizer],Recipe_Input[Amount (g)])*_xlfn.XLOOKUP(Recipe_Calc[[#This Row],[Nutrient Concentration (ppm)]],Fertilizers[Fertilizer],Fertilizers[Cl (%)])*10/Recipes_Crop[Volume (L)],0) -> 0 | R26: =IFERROR(_xlfn.XLOOKUP(Recipe_Calc[[#This Row],[Nutrient Concentration (ppm)]],Recipe_Input[Fertilizer],Recipe_Input[Amount (g)])*_xlfn.XLOOKUP(Recipe_Calc[[#This Row],[Nutrient Concentration (ppm)]],Fertilizers[Fertilizer],Fertilizers[Si (%)])*10/Recipes_Crop[Volume (L)],0) -> 0 | S26: =IFERROR(_xlfn.XLOOKUP(Recipe_Calc[[#This Row],[Nutrient Concentration (ppm)]],Recipe_Input[Fertilizer],Recipe_Input[Amount (g)])*_xlfn.XLOOKUP(Recipe_Calc[[#This Row],[Nutrient Concentration (ppm)]],Fertilizers[Fertilizer],Fertilizers[Ni (%)])*10/Recipes_Crop[Volume (L)],0) -> 0 | T26: =IFERROR(_xlfn.XLOOKUP(Recipe_Calc[[#This Row],[Nutrient Concentration (ppm)]],Recipe_Input[Fertilizer],Recipe_Input[Amount (g)])*_xlfn.XLOOKUP(Recipe_Calc[[#This Row],[Nutrient Concentration (ppm)]],Fertilizers[Fertilizer],Fertilizers[Na (%)])*10/Recipes_Crop[Volume (L)],0) -> 0 | U26: =IFERROR(_xlfn.XLOOKUP(Recipe_Calc[[#This Row],[Nutrient Concentration (ppm)]],Recipe_Input[Fertilizer],Recipe_Input[Amount (g)])*_xlfn.XLOOKUP(Recipe_Calc[[#This Row],[Nutrient Concentration (ppm)]],Fertilizers[Fertilizer],Fertilizers[Co (%)])*10/Recipes_Crop[Volume (L)],0) -> 0 | V26: =IFERROR(_xlfn.XLOOKUP(Recipe_Calc[[#This Row],[Nutrient Concentration (ppm)]],Recipe_Input[Fertilizer],Recipe_Input[Amount (g)])*_xlfn.XLOOKUP(Recipe_Calc[[#This Row],[Nutrient Concentration (ppm)]],Fertilizers[Fertilizer],Fertilizers[I (%)])*10/Recipes_Crop[Volume (L)],0) -> 0 | W26: =IFERROR(_xlfn.XLOOKUP(Recipe_Calc[[#This Row],[Nutrient Concentration (ppm)]],Recipe_Input[Fertilizer],Recipe_Input[Amount (g)])*_xlfn.XLOOKUP(Recipe_Calc[[#This Row],[Nutrient Concentration (ppm)]],Fertilizers[Fertilizer],Fertilizers[Se (%)])*10/Recipes_Crop[Volume (L)],0) -> 0 | X26: =IFERROR(_xlfn.XLOOKUP(Recipe_Calc[[#This Row],[Nutrient Concentration (ppm)]],Recipe_Input[Fertilizer],Recipe_Input[Amount (g)])*_xlfn.XLOOKUP(Recipe_Calc[[#This Row],[Nutrient Concentration (ppm)]],Fertilizers[Fertilizer],Fertilizers[Al (%)])*10/Recipes_Crop[Volume (L)],0) -> 0
A27: {=_xlfn.LET(_xlpm.idx, ROW()-ROW(Recipe_Calc[#Headers]), _xlpm.fertilizer, INDEX(Recipe_Input[Fertilizer], _xlpm.idx), _xlpm.grams, INDEX(Recipe_Input[Amount (g)], _xlpm.idx), IF(_xlpm.fertilizer="", "", IF(_xlpm.grams=0, "", _xlpm.fertilizer)))} | B27: =IFERROR(_xlfn.XLOOKUP(Recipe_Calc[[#This Row],[Nutrient Concentration (ppm)]],Recipe_Input[Fertilizer],Recipe_Input[Amount (g)])*_xlfn.XLOOKUP(Recipe_Calc[[#This Row],[Nutrient Concentration (ppm)]],Fertilizers[Fertilizer],Fertilizers[Total N (%)])*10/Recipes_Crop[Volume (L)],0) -> 0 | C27: =IFERROR(_xlfn.XLOOKUP(Recipe_Calc[[#This Row],[Nutrient Concentration (ppm)]],Recipe_Input[Fertilizer],Recipe_Input[Amount (g)])*_xlfn.XLOOKUP(Recipe_Calc[[#This Row],[Nutrient Concentration (ppm)]],Fertilizers[Fertilizer],Fertilizers[NH₄ (%/N)])*10/Recipes_Crop[Volume (L)],0) -> 0 | D27: =IFERROR(_xlfn.XLOOKUP(Recipe_Calc[[#This Row],[Nutrient Concentration (ppm)]],Recipe_Input[Fertilizer],Recipe_Input[Amount (g)])*_xlfn.XLOOKUP(Recipe_Calc[[#This Row],[Nutrient Concentration (ppm)]],Fertilizers[Fertilizer],Fertilizers[NO₃ (%/N)])*10/Recipes_Crop[Volume (L)],0) -> 0 | E27: =IFERROR(_xlfn.XLOOKUP(Recipe_Calc[[#This Row],[Nutrient Concentration (ppm)]],Recipe_Input[Fertilizer],Recipe_Input[Amount (g)])*_xlfn.XLOOKUP(Recipe_Calc[[#This Row],[Nutrient Concentration (ppm)]],Fertilizers[Fertilizer],Fertilizers[CO(NH₂)₂ (%/N)])*10/Recipes_Crop[Volume (L)],0) -> 0 | F27: =IFERROR(_xlfn.XLOOKUP(Recipe_Calc[[#This Row],[Nutrient Concentration (ppm)]],Recipe_Input[Fertilizer],Recipe_Input[Amount (g)])*_xlfn.XLOOKUP(Recipe_Calc[[#This Row],[Nutrient Concentration (ppm)]],Fertilizers[Fertilizer],Fertilizers[P (%)])*10/Recipes_Crop[Volume (L)],0) -> 0 | G27: =IFERROR(_xlfn.XLOOKUP(Recipe_Calc[[#This Row],[Nutrient Concentration (ppm)]],Recipe_Input[Fertilizer],Recipe_Input[Amount (g)])*_xlfn.XLOOKUP(Recipe_Calc[[#This Row],[Nutrient Concentration (ppm)]],Fertilizers[Fertilizer],Fertilizers[K (%)])*10/Recipes_Crop[Volume (L)],0) -> 0 | H27: =IFERROR(_xlfn.XLOOKUP(Recipe_Calc[[#This Row],[Nutrient Concentration (ppm)]],Recipe_Input[Fertilizer],Recipe_Input[Amount (g)])*_xlfn.XLOOKUP(Recipe_Calc[[#This Row],[Nutrient Concentration (ppm)]],Fertilizers[Fertilizer],Fertilizers[Ca (%)])*10/Recipes_Crop[Volume (L)],0) -> 0 | I27: =IFERROR(_xlfn.XLOOKUP(Recipe_Calc[[#This Row],[Nutrient Concentration (ppm)]],Recipe_Input[Fertilizer],Recipe_Input[Amount (g)])*_xlfn.XLOOKUP(Recipe_Calc[[#This Row],[Nutrient Concentration (ppm)]],Fertilizers[Fertilizer],Fertilizers[Mg (%)])*10/Recipes_Crop[Volume (L)],0) -> 0 | J27: =IFERROR(_xlfn.XLOOKUP(Recipe_Calc[[#This Row],[Nutrient Concentration (ppm)]],Recipe_Input[Fertilizer],Recipe_Input[Amount (g)])*_xlfn.XLOOKUP(Recipe_Calc[[#This Row],[Nutrient Concentration (ppm)]],Fertilizers[Fertilizer],Fertilizers[S (%)])*10/Recipes_Crop[Volume (L)],0) -> 0 | K27: =IFERROR(_xlfn.XLOOKUP(Recipe_Calc[[#This Row],[Nutrient Concentration (ppm)]],Recipe_Input[Fertilizer],Recipe_Input[Amount (g)])*_xlfn.XLOOKUP(Recipe_Calc[[#This Row],[Nutrient Concentration (ppm)]],Fertilizers[Fertilizer],Fertilizers[B (%)])*10/Recipes_Crop[Volume (L)],0) -> 0 | L27: =IFERROR(_xlfn.XLOOKUP(Recipe_Calc[[#This Row],[Nutrient Concentration (ppm)]],Recipe_Input[Fertilizer],Recipe_Input[Amount (g)])*_xlfn.XLOOKUP(Recipe_Calc[[#This Row],[Nutrient Concentration (ppm)]],Fertilizers[Fertilizer],Fertilizers[Cu (%)])*10/Recipes_Crop[Volume (L)],0) -> 0 | M27: =IFERROR(_xlfn.XLOOKUP(Recipe_Calc[[#This Row],[Nutrient Concentration (ppm)]],Recipe_Input[Fertilizer],Recipe_Input[Amount (g)])*_xlfn.XLOOKUP(Recipe_Calc[[#This Row],[Nutrient Concentration (ppm)]],Fertilizers[Fertilizer],Fertilizers[Fe (%)])*10/Recipes_Crop[Volume (L)],0) -> 0 | N27: =IFERROR(_xlfn.XLOOKUP(Recipe_Calc[[#This Row],[Nutrient Concentration (ppm)]],Recipe_Input[Fertilizer],Recipe_Input[Amount (g)])*_xlfn.XLOOKUP(Recipe_Calc[[#This Row],[Nutrient Concentration (ppm)]],Fertilizers[Fertilizer],Fertilizers[Mn (%)])*10/Recipes_Crop[Volume (L)],0) -> 0 | O27: =IFERROR(_xlfn.XLOOKUP(Recipe_Calc[[#This Row],[Nutrient Concentration (ppm)]],Recipe_Input[Fertilizer],Recipe_Input[Amount (g)])*_xlfn.XLOOKUP(Recipe_Calc[[#This Row],[Nutrient Concentration (ppm)]],Fertilizers[Fertilizer],Fertilizers[Mo (%)])*10/Recipes_Crop[Volume (L)],0) -> 0 | P27: =IFERROR(_xlfn.XLOOKUP(Recipe_Calc[[#This Row],[Nutrient Concentration (ppm)]],Recipe_Input[Fertilizer],Recipe_Input[Amount (g)])*_xlfn.XLOOKUP(Recipe_Calc[[#This Row],[Nutrient Concentration (ppm)]],Fertilizers[Fertilizer],Fertilizers[Zn (%)])*10/Recipes_Crop[Volume (L)],0) -> 0 | Q27: =IFERROR(_xlfn.XLOOKUP(Recipe_Calc[[#This Row],[Nutrient Concentration (ppm)]],Recipe_Input[Fertilizer],Recipe_Input[Amount (g)])*_xlfn.XLOOKUP(Recipe_Calc[[#This Row],[Nutrient Concentration (ppm)]],Fertilizers[Fertilizer],Fertilizers[Cl (%)])*10/Recipes_Crop[Volume (L)],0) -> 0 | R27: =IFERROR(_xlfn.XLOOKUP(Recipe_Calc[[#This Row],[Nutrient Concentration (ppm)]],Recipe_Input[Fertilizer],Recipe_Input[Amount (g)])*_xlfn.XLOOKUP(Recipe_Calc[[#This Row],[Nutrient Concentration (ppm)]],Fertilizers[Fertilizer],Fertilizers[Si (%)])*10/Recipes_Crop[Volume (L)],0) -> 0 | S27: =IFERROR(_xlfn.XLOOKUP(Recipe_Calc[[#This Row],[Nutrient Concentration (ppm)]],Recipe_Input[Fertilizer],Recipe_Input[Amount (g)])*_xlfn.XLOOKUP(Recipe_Calc[[#This Row],[Nutrient Concentration (ppm)]],Fertilizers[Fertilizer],Fertilizers[Ni (%)])*10/Recipes_Crop[Volume (L)],0) -> 0 | T27: =IFERROR(_xlfn.XLOOKUP(Recipe_Calc[[#This Row],[Nutrient Concentration (ppm)]],Recipe_Input[Fertilizer],Recipe_Input[Amount (g)])*_xlfn.XLOOKUP(Recipe_Calc[[#This Row],[Nutrient Concentration (ppm)]],Fertilizers[Fertilizer],Fertilizers[Na (%)])*10/Recipes_Crop[Volume (L)],0) -> 0 | U27: =IFERROR(_xlfn.XLOOKUP(Recipe_Calc[[#This Row],[Nutrient Concentration (ppm)]],Recipe_Input[Fertilizer],Recipe_Input[Amount (g)])*_xlfn.XLOOKUP(Recipe_Calc[[#This Row],[Nutrient Concentration (ppm)]],Fertilizers[Fertilizer],Fertilizers[Co (%)])*10/Recipes_Crop[Volume (L)],0) -> 0 | V27: =IFERROR(_xlfn.XLOOKUP(Recipe_Calc[[#This Row],[Nutrient Concentration (ppm)]],Recipe_Input[Fertilizer],Recipe_Input[Amount (g)])*_xlfn.XLOOKUP(Recipe_Calc[[#This Row],[Nutrient Concentration (ppm)]],Fertilizers[Fertilizer],Fertilizers[I (%)])*10/Recipes_Crop[Volume (L)],0) -> 0 | W27: =IFERROR(_xlfn.XLOOKUP(Recipe_Calc[[#This Row],[Nutrient Concentration (ppm)]],Recipe_Input[Fertilizer],Recipe_Input[Amount (g)])*_xlfn.XLOOKUP(Recipe_Calc[[#This Row],[Nutrient Concentration (ppm)]],Fertilizers[Fertilizer],Fertilizers[Se (%)])*10/Recipes_Crop[Volume (L)],0) -> 0 | X27: =IFERROR(_xlfn.XLOOKUP(Recipe_Calc[[#This Row],[Nutrient Concentration (ppm)]],Recipe_Input[Fertilizer],Recipe_Input[Amount (g)])*_xlfn.XLOOKUP(Recipe_Calc[[#This Row],[Nutrient Concentration (ppm)]],Fertilizers[Fertilizer],Fertilizers[Al (%)])*10/Recipes_Crop[Volume (L)],0) -> 0
A28: {=_xlfn.LET(_xlpm.idx, ROW()-ROW(Recipe_Calc[#Headers]), _xlpm.fertilizer, INDEX(Recipe_Input[Fertilizer], _xlpm.idx), _xlpm.grams, INDEX(Recipe_Input[Amount (g)], _xlpm.idx), IF(_xlpm.fertilizer="", "", IF(_xlpm.grams=0, "", _xlpm.fertilizer)))} | B28: =IFERROR(_xlfn.XLOOKUP(Recipe_Calc[[#This Row],[Nutrient Concentration (ppm)]],Recipe_Input[Fertilizer],Recipe_Input[Amount (g)])*_xlfn.XLOOKUP(Recipe_Calc[[#This Row],[Nutrient Concentration (ppm)]],Fertilizers[Fertilizer],Fertilizers[Total N (%)])*10/Recipes_Crop[Volume (L)],0) -> 0 | C28: =IFERROR(_xlfn.XLOOKUP(Recipe_Calc[[#This Row],[Nutrient Concentration (ppm)]],Recipe_Input[Fertilizer],Recipe_Input[Amount (g)])*_xlfn.XLOOKUP(Recipe_Calc[[#This Row],[Nutrient Concentration (ppm)]],Fertilizers[Fertilizer],Fertilizers[NH₄ (%/N)])*10/Recipes_Crop[Volume (L)],0) -> 0 | D28: =IFERROR(_xlfn.XLOOKUP(Recipe_Calc[[#This Row],[Nutrient Concentration (ppm)]],Recipe_Input[Fertilizer],Recipe_Input[Amount (g)])*_xlfn.XLOOKUP(Recipe_Calc[[#This Row],[Nutrient Concentration (ppm)]],Fertilizers[Fertilizer],Fertilizers[NO₃ (%/N)])*10/Recipes_Crop[Volume (L)],0) -> 0 | E28: =IFERROR(_xlfn.XLOOKUP(Recipe_Calc[[#This Row],[Nutrient Concentration (ppm)]],Recipe_Input[Fertilizer],Recipe_Input[Amount (g)])*_xlfn.XLOOKUP(Recipe_Calc[[#This Row],[Nutrient Concentration (ppm)]],Fertilizers[Fertilizer],Fertilizers[CO(NH₂)₂ (%/N)])*10/Recipes_Crop[Volume (L)],0) -> 0 | F28: =IFERROR(_xlfn.XLOOKUP(Recipe_Calc[[#This Row],[Nutrient Concentration (ppm)]],Recipe_Input[Fertilizer],Recipe_Input[Amount (g)])*_xlfn.XLOOKUP(Recipe_Calc[[#This Row],[Nutrient Concentration (ppm)]],Fertilizers[Fertilizer],Fertilizers[P (%)])*10/Recipes_Crop[Volume (L)],0) -> 0 | G28: =IFERROR(_xlfn.XLOOKUP(Recipe_Calc[[#This Row],[Nutrient Concentration (ppm)]],Recipe_Input[Fertilizer],Recipe_Input[Amount (g)])*_xlfn.XLOOKUP(Recipe_Calc[[#This Row],[Nutrient Concentration (ppm)]],Fertilizers[Fertilizer],Fertilizers[K (%)])*10/Recipes_Crop[Volume (L)],0) -> 0 | H28: =IFERROR(_xlfn.XLOOKUP(Recipe_Calc[[#This Row],[Nutrient Concentration (ppm)]],Recipe_Input[Fertilizer],Recipe_Input[Amount (g)])*_xlfn.XLOOKUP(Recipe_Calc[[#This Row],[Nutrient Concentration (ppm)]],Fertilizers[Fertilizer],Fertilizers[Ca (%)])*10/Recipes_Crop[Volume (L)],0) -> 0 | I28: =IFERROR(_xlfn.XLOOKUP(Recipe_Calc[[#This Row],[Nutrient Concentration (ppm)]],Recipe_Input[Fertilizer],Recipe_Input[Amount (g)])*_xlfn.XLOOKUP(Recipe_Calc[[#This Row],[Nutrient Concentration (ppm)]],Fertilizers[Fertilizer],Fertilizers[Mg (%)])*10/Recipes_Crop[Volume (L)],0) -> 0 | J28: =IFERROR(_xlfn.XLOOKUP(Recipe_Calc[[#This Row],[Nutrient Concentration (ppm)]],Recipe_Input[Fertilizer],Recipe_Input[Amount (g)])*_xlfn.XLOOKUP(Recipe_Calc[[#This Row],[Nutrient Concentration (ppm)]],Fertilizers[Fertilizer],Fertilizers[S (%)])*10/Recipes_Crop[Volume (L)],0) -> 0 | K28: =IFERROR(_xlfn.XLOOKUP(Recipe_Calc[[#This Row],[Nutrient Concentration (ppm)]],Recipe_Input[Fertilizer],Recipe_Input[Amount (g)])*_xlfn.XLOOKUP(Recipe_Calc[[#This Row],[Nutrient Concentration (ppm)]],Fertilizers[Fertilizer],Fertilizers[B (%)])*10/Recipes_Crop[Volume (L)],0) -> 0 | L28: =IFERROR(_xlfn.XLOOKUP(Recipe_Calc[[#This Row],[Nutrient Concentration (ppm)]],Recipe_Input[Fertilizer],Recipe_Input[Amount (g)])*_xlfn.XLOOKUP(Recipe_Calc[[#This Row],[Nutrient Concentration (ppm)]],Fertilizers[Fertilizer],Fertilizers[Cu (%)])*10/Recipes_Crop[Volume (L)],0) -> 0 | M28: =IFERROR(_xlfn.XLOOKUP(Recipe_Calc[[#This Row],[Nutrient Concentration (ppm)]],Recipe_Input[Fertilizer],Recipe_Input[Amount (g)])*_xlfn.XLOOKUP(Recipe_Calc[[#This Row],[Nutrient Concentration (ppm)]],Fertilizers[Fertilizer],Fertilizers[Fe (%)])*10/Recipes_Crop[Volume (L)],0) -> 0 | N28: =IFERROR(_xlfn.XLOOKUP(Recipe_Calc[[#This Row],[Nutrient Concentration (ppm)]],Recipe_Input[Fertilizer],Recipe_Input[Amount (g)])*_xlfn.XLOOKUP(Recipe_Calc[[#This Row],[Nutrient Concentration (ppm)]],Fertilizers[Fertilizer],Fertilizers[Mn (%)])*10/Recipes_Crop[Volume (L)],0) -> 0 | O28: =IFERROR(_xlfn.XLOOKUP(Recipe_Calc[[#This Row],[Nutrient Concentration (ppm)]],Recipe_Input[Fertilizer],Recipe_Input[Amount (g)])*_xlfn.XLOOKUP(Recipe_Calc[[#This Row],[Nutrient Concentration (ppm)]],Fertilizers[Fertilizer],Fertilizers[Mo (%)])*10/Recipes_Crop[Volume (L)],0) -> 0 | P28: =IFERROR(_xlfn.XLOOKUP(Recipe_Calc[[#This Row],[Nutrient Concentration (ppm)]],Recipe_Input[Fertilizer],Recipe_Input[Amount (g)])*_xlfn.XLOOKUP(Recipe_Calc[[#This Row],[Nutrient Concentration (ppm)]],Fertilizers[Fertilizer],Fertilizers[Zn (%)])*10/Recipes_Crop[Volume (L)],0) -> 0 | Q28: =IFERROR(_xlfn.XLOOKUP(Recipe_Calc[[#This Row],[Nutrient Concentration (ppm)]],Recipe_Input[Fertilizer],Recipe_Input[Amount (g)])*_xlfn.XLOOKUP(Recipe_Calc[[#This Row],[Nutrient Concentration (ppm)]],Fertilizers[Fertilizer],Fertilizers[Cl (%)])*10/Recipes_Crop[Volume (L)],0) -> 0 | R28: =IFERROR(_xlfn.XLOOKUP(Recipe_Calc[[#This Row],[Nutrient Concentration (ppm)]],Recipe_Input[Fertilizer],Recipe_Input[Amount (g)])*_xlfn.XLOOKUP(Recipe_Calc[[#This Row],[Nutrient Concentration (ppm)]],Fertilizers[Fertilizer],Fertilizers[Si (%)])*10/Recipes_Crop[Volume (L)],0) -> 0 | S28: =IFERROR(_xlfn.XLOOKUP(Recipe_Calc[[#This Row],[Nutrient Concentration (ppm)]],Recipe_Input[Fertilizer],Recipe_Input[Amount (g)])*_xlfn.XLOOKUP(Recipe_Calc[[#This Row],[Nutrient Concentration (ppm)]],Fertilizers[Fertilizer],Fertilizers[Ni (%)])*10/Recipes_Crop[Volume (L)],0) -> 0 | T28: =IFERROR(_xlfn.XLOOKUP(Recipe_Calc[[#This Row],[Nutrient Concentration (ppm)]],Recipe_Input[Fertilizer],Recipe_Input[Amount (g)])*_xlfn.XLOOKUP(Recipe_Calc[[#This Row],[Nutrient Concentration (ppm)]],Fertilizers[Fertilizer],Fertilizers[Na (%)])*10/Recipes_Crop[Volume (L)],0) -> 0 | U28: =IFERROR(_xlfn.XLOOKUP(Recipe_Calc[[#This Row],[Nutrient Concentration (ppm)]],Recipe_Input[Fertilizer],Recipe_Input[Amount (g)])*_xlfn.XLOOKUP(Recipe_Calc[[#This Row],[Nutrient Concentration (ppm)]],Fertilizers[Fertilizer],Fertilizers[Co (%)])*10/Recipes_Crop[Volume (L)],0) -> 0 | V28: =IFERROR(_xlfn.XLOOKUP(Recipe_Calc[[#This Row],[Nutrient Concentration (ppm)]],Recipe_Input[Fertilizer],Recipe_Input[Amount (g)])*_xlfn.XLOOKUP(Recipe_Calc[[#This Row],[Nutrient Concentration (ppm)]],Fertilizers[Fertilizer],Fertilizers[I (%)])*10/Recipes_Crop[Volume (L)],0) -> 0 | W28: =IFERROR(_xlfn.XLOOKUP(Recipe_Calc[[#This Row],[Nutrient Concentration (ppm)]],Recipe_Input[Fertilizer],Recipe_Input[Amount (g)])*_xlfn.XLOOKUP(Recipe_Calc[[#This Row],[Nutrient Concentration (ppm)]],Fertilizers[Fertilizer],Fertilizers[Se (%)])*10/Recipes_Crop[Volume (L)],0) -> 0 | X28: =IFERROR(_xlfn.XLOOKUP(Recipe_Calc[[#This Row],[Nutrient Concentration (ppm)]],Recipe_Input[Fertilizer],Recipe_Input[Amount (g)])*_xlfn.XLOOKUP(Recipe_Calc[[#This Row],[Nutrient Concentration (ppm)]],Fertilizers[Fertilizer],Fertilizers[Al (%)])*10/Recipes_Crop[Volume (L)],0) -> 0
A29: {=_xlfn.LET(_xlpm.idx, ROW()-ROW(Recipe_Calc[#Headers]), _xlpm.fertilizer, INDEX(Recipe_Input[Fertilizer], _xlpm.idx), _xlpm.grams, INDEX(Recipe_Input[Amount (g)], _xlpm.idx), IF(_xlpm.fertilizer="", "", IF(_xlpm.grams=0, "", _xlpm.fertilizer)))} | B29: =IFERROR(_xlfn.XLOOKUP(Recipe_Calc[[#This Row],[Nutrient Concentration (ppm)]],Recipe_Input[Fertilizer],Recipe_Input[Amount (g)])*_xlfn.XLOOKUP(Recipe_Calc[[#This Row],[Nutrient Concentration (ppm)]],Fertilizers[Fertilizer],Fertilizers[Total N (%)])*10/Recipes_Crop[Volume (L)],0) -> 0 | C29: =IFERROR(_xlfn.XLOOKUP(Recipe_Calc[[#This Row],[Nutrient Concentration (ppm)]],Recipe_Input[Fertilizer],Recipe_Input[Amount (g)])*_xlfn.XLOOKUP(Recipe_Calc[[#This Row],[Nutrient Concentration (ppm)]],Fertilizers[Fertilizer],Fertilizers[NH₄ (%/N)])*10/Recipes_Crop[Volume (L)],0) -> 0 | D29: =IFERROR(_xlfn.XLOOKUP(Recipe_Calc[[#This Row],[Nutrient Concentration (ppm)]],Recipe_Input[Fertilizer],Recipe_Input[Amount (g)])*_xlfn.XLOOKUP(Recipe_Calc[[#This Row],[Nutrient Concentration (ppm)]],Fertilizers[Fertilizer],Fertilizers[NO₃ (%/N)])*10/Recipes_Crop[Volume (L)],0) -> 0 | E29: =IFERROR(_xlfn.XLOOKUP(Recipe_Calc[[#This Row],[Nutrient Concentration (ppm)]],Recipe_Input[Fertilizer],Recipe_Input[Amount (g)])*_xlfn.XLOOKUP(Recipe_Calc[[#This Row],[Nutrient Concentration (ppm)]],Fertilizers[Fertilizer],Fertilizers[CO(NH₂)₂ (%/N)])*10/Recipes_Crop[Volume (L)],0) -> 0 | F29: =IFERROR(_xlfn.XLOOKUP(Recipe_Calc[[#This Row],[Nutrient Concentration (ppm)]],Recipe_Input[Fertilizer],Recipe_Input[Amount (g)])*_xlfn.XLOOKUP(Recipe_Calc[[#This Row],[Nutrient Concentration (ppm)]],Fertilizers[Fertilizer],Fertilizers[P (%)])*10/Recipes_Crop[Volume (L)],0) -> 0 | G29: =IFERROR(_xlfn.XLOOKUP(Recipe_Calc[[#This Row],[Nutrient Concentration (ppm)]],Recipe_Input[Fertilizer],Recipe_Input[Amount (g)])*_xlfn.XLOOKUP(Recipe_Calc[[#This Row],[Nutrient Concentration (ppm)]],Fertilizers[Fertilizer],Fertilizers[K (%)])*10/Recipes_Crop[Volume (L)],0) -> 0 | H29: =IFERROR(_xlfn.XLOOKUP(Recipe_Calc[[#This Row],[Nutrient Concentration (ppm)]],Recipe_Input[Fertilizer],Recipe_Input[Amount (g)])*_xlfn.XLOOKUP(Recipe_Calc[[#This Row],[Nutrient Concentration (ppm)]],Fertilizers[Fertilizer],Fertilizers[Ca (%)])*10/Recipes_Crop[Volume (L)],0) -> 0 | I29: =IFERROR(_xlfn.XLOOKUP(Recipe_Calc[[#This Row],[Nutrient Concentration (ppm)]],Recipe_Input[Fertilizer],Recipe_Input[Amount (g)])*_xlfn.XLOOKUP(Recipe_Calc[[#This Row],[Nutrient Concentration (ppm)]],Fertilizers[Fertilizer],Fertilizers[Mg (%)])*10/Recipes_Crop[Volume (L)],0) -> 0 | J29: =IFERROR(_xlfn.XLOOKUP(Recipe_Calc[[#This Row],[Nutrient Concentration (ppm)]],Recipe_Input[Fertilizer],Recipe_Input[Amount (g)])*_xlfn.XLOOKUP(Recipe_Calc[[#This Row],[Nutrient Concentration (ppm)]],Fertilizers[Fertilizer],Fertilizers[S (%)])*10/Recipes_Crop[Volume (L)],0) -> 0 | K29: =IFERROR(_xlfn.XLOOKUP(Recipe_Calc[[#This Row],[Nutrient Concentration (ppm)]],Recipe_Input[Fertilizer],Recipe_Input[Amount (g)])*_xlfn.XLOOKUP(Recipe_Calc[[#This Row],[Nutrient Concentration (ppm)]],Fertilizers[Fertilizer],Fertilizers[B (%)])*10/Recipes_Crop[Volume (L)],0) -> 0 | L29: =IFERROR(_xlfn.XLOOKUP(Recipe_Calc[[#This Row],[Nutrient Concentration (ppm)]],Recipe_Input[Fertilizer],Recipe_Input[Amount (g)])*_xlfn.XLOOKUP(Recipe_Calc[[#This Row],[Nutrient Concentration (ppm)]],Fertilizers[Fertilizer],Fertilizers[Cu (%)])*10/Recipes_Crop[Volume (L)],0) -> 0 | M29: =IFERROR(_xlfn.XLOOKUP(Recipe_Calc[[#This Row],[Nutrient Concentration (ppm)]],Recipe_Input[Fertilizer],Recipe_Input[Amount (g)])*_xlfn.XLOOKUP(Recipe_Calc[[#This Row],[Nutrient Concentration (ppm)]],Fertilizers[Fertilizer],Fertilizers[Fe (%)])*10/Recipes_Crop[Volume (L)],0) -> 0 | N29: =IFERROR(_xlfn.XLOOKUP(Recipe_Calc[[#This Row],[Nutrient Concentration (ppm)]],Recipe_Input[Fertilizer],Recipe_Input[Amount (g)])*_xlfn.XLOOKUP(Recipe_Calc[[#This Row],[Nutrient Concentration (ppm)]],Fertilizers[Fertilizer],Fertilizers[Mn (%)])*10/Recipes_Crop[Volume (L)],0) -> 0 | O29: =IFERROR(_xlfn.XLOOKUP(Recipe_Calc[[#This Row],[Nutrient Concentration (ppm)]],Recipe_Input[Fertilizer],Recipe_Input[Amount (g)])*_xlfn.XLOOKUP(Recipe_Calc[[#This Row],[Nutrient Concentration (ppm)]],Fertilizers[Fertilizer],Fertilizers[Mo (%)])*10/Recipes_Crop[Volume (L)],0) -> 0 | P29: =IFERROR(_xlfn.XLOOKUP(Recipe_Calc[[#This Row],[Nutrient Concentration (ppm)]],Recipe_Input[Fertilizer],Recipe_Input[Amount (g)])*_xlfn.XLOOKUP(Recipe_Calc[[#This Row],[Nutrient Concentration (ppm)]],Fertilizers[Fertilizer],Fertilizers[Zn (%)])*10/Recipes_Crop[Volume (L)],0) -> 0 | Q29: =IFERROR(_xlfn.XLOOKUP(Recipe_Calc[[#This Row],[Nutrient Concentration (ppm)]],Recipe_Input[Fertilizer],Recipe_Input[Amount (g)])*_xlfn.XLOOKUP(Recipe_Calc[[#This Row],[Nutrient Concentration (ppm)]],Fertilizers[Fertilizer],Fertilizers[Cl (%)])*10/Recipes_Crop[Volume (L)],0) -> 0 | R29: =IFERROR(_xlfn.XLOOKUP(Recipe_Calc[[#This Row],[Nutrient Concentration (ppm)]],Recipe_Input[Fertilizer],Recipe_Input[Amount (g)])*_xlfn.XLOOKUP(Recipe_Calc[[#This Row],[Nutrient Concentration (ppm)]],Fertilizers[Fertilizer],Fertilizers[Si (%)])*10/Recipes_Crop[Volume (L)],0) -> 0 | S29: =IFERROR(_xlfn.XLOOKUP(Recipe_Calc[[#This Row],[Nutrient Concentration (ppm)]],Recipe_Input[Fertilizer],Recipe_Input[Amount (g)])*_xlfn.XLOOKUP(Recipe_Calc[[#This Row],[Nutrient Concentration (ppm)]],Fertilizers[Fertilizer],Fertilizers[Ni (%)])*10/Recipes_Crop[Volume (L)],0) -> 0 | T29: =IFERROR(_xlfn.XLOOKUP(Recipe_Calc[[#This Row],[Nutrient Concentration (ppm)]],Recipe_Input[Fertilizer],Recipe_Input[Amount (g)])*_xlfn.XLOOKUP(Recipe_Calc[[#This Row],[Nutrient Concentration (ppm)]],Fertilizers[Fertilizer],Fertilizers[Na (%)])*10/Recipes_Crop[Volume (L)],0) -> 0 | U29: =IFERROR(_xlfn.XLOOKUP(Recipe_Calc[[#This Row],[Nutrient Concentration (ppm)]],Recipe_Input[Fertilizer],Recipe_Input[Amount (g)])*_xlfn.XLOOKUP(Recipe_Calc[[#This Row],[Nutrient Concentration (ppm)]],Fertilizers[Fertilizer],Fertilizers[Co (%)])*10/Recipes_Crop[Volume (L)],0) -> 0 | V29: =IFERROR(_xlfn.XLOOKUP(Recipe_Calc[[#This Row],[Nutrient Concentration (ppm)]],Recipe_Input[Fertilizer],Recipe_Input[Amount (g)])*_xlfn.XLOOKUP(Recipe_Calc[[#This Row],[Nutrient Concentration (ppm)]],Fertilizers[Fertilizer],Fertilizers[I (%)])*10/Recipes_Crop[Volume (L)],0) -> 0 | W29: =IFERROR(_xlfn.XLOOKUP(Recipe_Calc[[#This Row],[Nutrient Concentration (ppm)]],Recipe_Input[Fertilizer],Recipe_Input[Amount (g)])*_xlfn.XLOOKUP(Recipe_Calc[[#This Row],[Nutrient Concentration (ppm)]],Fertilizers[Fertilizer],Fertilizers[Se (%)])*10/Recipes_Crop[Volume (L)],0) -> 0 | X29: =IFERROR(_xlfn.XLOOKUP(Recipe_Calc[[#This Row],[Nutrient Concentration (ppm)]],Recipe_Input[Fertilizer],Recipe_Input[Amount (g)])*_xlfn.XLOOKUP(Recipe_Calc[[#This Row],[Nutrient Concentration (ppm)]],Fertilizers[Fertilizer],Fertilizers[Al (%)])*10/Recipes_Crop[Volume (L)],0) -> 0
A30: Nutrients Already in Water | B30: {=Water_Test[Nitrate-N]} -> 0 | C30: {=Water_Test[Ammonium-N]} -> 0 | D30: {=Water_Test[Nitrate-N]} -> 0 | E30: {=Water_Test[Urea]} -> 0 | F30: {=Water_Test[P]} -> 0 | G30: {=Water_Test[K]} -> 0 | H30: {=Water_Test[Ca]} -> 0 | I30: {=Water_Test[Mg]} -> 0 | J30: {=Water_Test[SO₄²⁻] * _xlfn.XLOOKUP("SO₄²⁻ (g/mol) to S (g/mol)", Conversions[Key], Conversions[Multiply By])} -> 0 | K30: {=Water_Test[B]} -> 0 | L30: {=Water_Test[Cu]} -> 0 | M30: {=Water_Test[Fe]} -> 0 | N30: {=Water_Test[Mn]} -> 0 | O30: {=Water_Test[Mo]} -> 0 | P30: {=Water_Test[Zn]} -> 0 | Q30: {=Water_Test[Cl]} -> 0 | R30: {=Water_Test[Si]} -> 0 | S30: {=Water_Test[Ni]} -> 0 | T30: {=Water_Test[Na]} -> 0 | U30: {=Water_Test[Co]} -> 0 | V30: {=Water_Test[I]} -> 0 | W30: {=Water_Test[Se]} -> 0 | X30: {=Water_Test[Al]} -> 0
A31: Nutrients Provided by Fertilizers | B31: =SUM(INDEX(Recipe_Calc[Total N],1):INDEX(Recipe_Calc[Total N],6)) -> 150 | C31: =SUM(INDEX(Recipe_Calc[Ammonium-N],1):INDEX(Recipe_Calc[Ammonium-N],6)) -> 2.5 | D31: =SUM(INDEX(Recipe_Calc[Nitrate-N],1):INDEX(Recipe_Calc[Nitrate-N],6)) -> 147.5 | E31: =SUM(INDEX(Recipe_Calc[Urea],1):INDEX(Recipe_Calc[Urea],6)) -> 0 | F31: =SUM(INDEX(Recipe_Calc[P],1):INDEX(Recipe_Calc[P],6)) -> 21.819078 | G31: =SUM(INDEX(Recipe_Calc[K],1):INDEX(Recipe_Calc[K],6)) -> 166.02972 | H31: =SUM(INDEX(Recipe_Calc[Ca],1):INDEX(Recipe_Calc[Ca],6)) -> 87.5 | I31: =SUM(INDEX(Recipe_Calc[Mg],1):INDEX(Recipe_Calc[Mg],6)) -> 43.9486 | J31: =SUM(INDEX(Recipe_Calc[S],1):INDEX(Recipe_Calc[S],6)) -> 25.002159 | K31: =SUM(INDEX(Recipe_Calc[B],1):INDEX(Recipe_Calc[B],6)) -> 0.25 | L31: =SUM(INDEX(Recipe_Calc[Cu],1):INDEX(Recipe_Calc[Cu],6)) -> 0.25 | M31: =SUM(INDEX(Recipe_Calc[Fe],1):INDEX(Recipe_Calc[Fe],6)) -> 1.875 | N31: =SUM(INDEX(Recipe_Calc[Mn],1):INDEX(Recipe_Calc[Mn],6)) -> 0.625 | O31: =SUM(INDEX(Recipe_Calc[Mo],1):INDEX(Recipe_Calc[Mo],6)) -> 0.0125 | P31: =SUM(INDEX(Recipe_Calc[Zn],1):INDEX(Recipe_Calc[Zn],6)) -> 0.4375 | Q31: =SUM(INDEX(Recipe_Calc[Cl],1):INDEX(Recipe_Calc[Cl],6)) -> 0 | R31: =SUM(INDEX(Recipe_Calc[Si],1):INDEX(Recipe_Calc[Si],6)) -> 0 | S31: =SUM(INDEX(Recipe_Calc[Ni],1):INDEX(Recipe_Calc[Ni],6)) -> 0 | T31: =SUM(INDEX(Recipe_Calc[Na],1):INDEX(Recipe_Calc[Na],6)) -> 0 | U31: =SUM(INDEX(Recipe_Calc[Co],1):INDEX(Recipe_Calc[Co],6)) -> 0 | V31: =SUM(INDEX(Recipe_Calc[I],1):INDEX(Recipe_Calc[I],6)) -> 0 | W31: =SUM(INDEX(Recipe_Calc[Se],1):INDEX(Recipe_Calc[Se],6)) -> 0 | X31: =SUM(INDEX(Recipe_Calc[Al],1):INDEX(Recipe_Calc[Al],6)) -> 0 | Y31: =IF(N(Recipe_Calc[[#This Row],[Total N]])>0,Recipe_Calc[[#This Row],[K]]/Recipe_Calc[[#This Row],[Total N]],"") -> 1.1068648
A32: Nutrients Required by Crop | B32: =IF(Recipes_Crop[Crop]="","",IFERROR(AVERAGEIFS(Nutrients[N],Nutrients[For],Recipes_Crop[Crop],Nutrients[Active],"1"),"")) -> 150 | F32: =IF(Recipes_Crop[Crop]="","",IFERROR(AVERAGEIFS(Nutrients[P],Nutrients[For],Recipes_Crop[Crop],Nutrients[Active],"1"),"")) -> 31 | G32: =IF(Recipes_Crop[Crop]="","",IFERROR(AVERAGEIFS(Nutrients[K],Nutrients[For],Recipes_Crop[Crop],Nutrients[Active],"1"),"")) -> 210 | H32: =IF(Recipes_Crop[Crop]="","",IFERROR(AVERAGEIFS(Nutrients[Ca],Nutrients[For],Recipes_Crop[Crop],Nutrients[Active],"1"),"")) -> 90 | I32: =IF(Recipes_Crop[Crop]="","",IFERROR(AVERAGEIFS(Nutrients[Mg],Nutrients[For],Recipes_Crop[Crop],Nutrients[Active],"1"),"")) -> 24 | J32: =IF(Recipes_Crop[Crop]="","",IFERROR(AVERAGEIFS(Nutrients[S],Nutrients[For],Recipes_Crop[Crop],Nutrients[Active],"1"),"")) -> 32 | K32: =IF(Recipes_Crop[Crop]="","",IFERROR(AVERAGEIFS(Nutrients[B],Nutrients[For],Recipes_Crop[Crop],Nutrients[Active],"1"),"")) -> 0.16 | L32: =IF(Recipes_Crop[Crop]="","",IFERROR(AVERAGEIFS(Nutrients[Cu],Nutrients[For],Recipes_Crop[Crop],Nutrients[Active],"1"),"")) -> 0.023 | M32: =IF(Recipes_Crop[Crop]="","",IFERROR(AVERAGEIFS(Nutrients[Fe],Nutrients[For],Recipes_Crop[Crop],Nutrients[Active],"1"),"")) -> 1 | N32: =IF(Recipes_Crop[Crop]="","",IFERROR(AVERAGEIFS(Nutrients[Mn],Nutrients[For],Recipes_Crop[Crop],Nutrients[Active],"1"),"")) -> 0.25 | O32: =IF(Recipes_Crop[Crop]="","",IFERROR(AVERAGEIFS(Nutrients[Mo],Nutrients[For],Recipes_Crop[Crop],Nutrients[Active],"1"),"")) -> 0.024 | P32: =IF(Recipes_Crop[Crop]="","",IFERROR(AVERAGEIFS(Nutrients[Zn],Nutrients[For],Recipes_Crop[Crop],Nutrients[Active],"1"),"")) -> 0.13 | Q32: =IF(Recipes_Crop[Crop]="","",IFERROR(AVERAGEIFS(Nutrients[Cl],Nutrients[For],Recipes_Crop[Crop],Nutrients[Active],"1"),"")) -> 1.77 | R32: =IF(Recipes_Crop[Crop]="","",IFERROR(AVERAGEIFS(Nutrients[Si],Nutrients[For],Recipes_Crop[Crop],Nutrients[Active],"1"),"")) -> 28 | S32: =IF(Recipes_Crop[Crop]="","",IFERROR(AVERAGEIFS(Nutrients[Ni],Nutrients[For],Recipes_Crop[Crop],Nutrients[Active],"1"),"")) -> 0.03 | T32: =IF(Recipes_Crop[Crop]="","",IFERROR(AVERAGEIFS(Nutrients[Na],Nutrients[For],Recipes_Crop[Crop],Nutrients[Active],"1"),"")) | U32: =IF(Recipes_Crop[Crop]="","",IFERROR(AVERAGEIFS(Nutrients[Co],Nutrients[For],Recipes_Crop[Crop],Nutrients[Active],"1"),"")) | V32: =IF(Recipes_Crop[Crop]="","",IFERROR(AVERAGEIFS(Nutrients[I],Nutrients[For],Recipes_Crop[Crop],Nutrients[Active],"1"),"")) | W32: =IF(Recipes_Crop[Crop]="","",IFERROR(AVERAGEIFS(Nutrients[Se],Nutrients[For],Recipes_Crop[Crop],Nutrients[Active],"1"),"")) | X32: =IF(Recipes_Crop[Crop]="","",IFERROR(AVERAGEIFS(Nutrients[Al],Nutrients[For],Recipes_Crop[Crop],Nutrients[Active],"1"),"")) | Y32: =IF(AND(ISNUMBER(Recipe_Calc[[#This Row],[K]]),ISNUMBER(Recipe_Calc[[#This Row],[Total N]])),IF(Recipe_Calc[[#This Row],[Total N]]>0,Recipe_Calc[[#This Row],[K]]/Recipe_Calc[[#This Row],[Total N]],""),"") -> 1.4
A33: % of Requirement (100% = met) | B33: =IF(AND(ISNUMBER(INDEX(Recipe_Calc[Total N],8)),N(INDEX(Recipe_Calc[Total N],8))>0),INDEX(Recipe_Calc[Total N],7)/INDEX(Recipe_Calc[Total N],8)*100,"") -> 100 | F33: =IF(AND(ISNUMBER(INDEX(Recipe_Calc[P],8)),N(INDEX(Recipe_Calc[P],8))>0),INDEX(Recipe_Calc[P],7)/INDEX(Recipe_Calc[P],8)*100,"") -> 70.384124 | G33: =IF(AND(ISNUMBER(INDEX(Recipe_Calc[K],8)),N(INDEX(Recipe_Calc[K],8))>0),INDEX(Recipe_Calc[K],7)/INDEX(Recipe_Calc[K],8)*100,"") -> 79.061773 | H33: =IF(AND(ISNUMBER(INDEX(Recipe_Calc[Ca],8)),N(INDEX(Recipe_Calc[Ca],8))>0),INDEX(Recipe_Calc[Ca],7)/INDEX(Recipe_Calc[Ca],8)*100,"") -> 97.222222 | I33: =IF(AND(ISNUMBER(INDEX(Recipe_Calc[Mg],8)),N(INDEX(Recipe_Calc[Mg],8))>0),INDEX(Recipe_Calc[Mg],7)/INDEX(Recipe_Calc[Mg],8)*100,"") -> 183.11917 | J33: =IF(AND(ISNUMBER(INDEX(Recipe_Calc[S],8)),N(INDEX(Recipe_Calc[S],8))>0),INDEX(Recipe_Calc[S],7)/INDEX(Recipe_Calc[S],8)*100,"") -> 78.131746 | K33: =IF(AND(ISNUMBER(INDEX(Recipe_Calc[B],8)),N(INDEX(Recipe_Calc[B],8))>0),INDEX(Recipe_Calc[B],7)/INDEX(Recipe_Calc[B],8)*100,"") -> 156.25 | L33: =IF(AND(ISNUMBER(INDEX(Recipe_Calc[Cu],8)),N(INDEX(Recipe_Calc[Cu],8))>0),INDEX(Recipe_Calc[Cu],7)/INDEX(Recipe_Calc[Cu],8)*100,"") -> 1086.9565 | M33: =IF(AND(ISNUMBER(INDEX(Recipe_Calc[Fe],8)),N(INDEX(Recipe_Calc[Fe],8))>0),INDEX(Recipe_Calc[Fe],7)/INDEX(Recipe_Calc[Fe],8)*100,"") -> 187.5 | N33: =IF(AND(ISNUMBER(INDEX(Recipe_Calc[Mn],8)),N(INDEX(Recipe_Calc[Mn],8))>0),INDEX(Recipe_Calc[Mn],7)/INDEX(Recipe_Calc[Mn],8)*100,"") -> 250 | O33: =IF(AND(ISNUMBER(INDEX(Recipe_Calc[Mo],8)),N(INDEX(Recipe_Calc[Mo],8))>0),INDEX(Recipe_Calc[Mo],7)/INDEX(Recipe_Calc[Mo],8)*100,"") -> 52.083333 | P33: =IF(AND(ISNUMBER(INDEX(Recipe_Calc[Zn],8)),N(INDEX(Recipe_Calc[Zn],8))>0),INDEX(Recipe_Calc[Zn],7)/INDEX(Recipe_Calc[Zn],8)*100,"") -> 336.53846 | Q33: =IF(AND(ISNUMBER(INDEX(Recipe_Calc[Cl],8)),N(INDEX(Recipe_Calc[Cl],8))>0),INDEX(Recipe_Calc[Cl],7)/INDEX(Recipe_Calc[Cl],8)*100,"") -> 0 | R33: =IF(AND(ISNUMBER(INDEX(Recipe_Calc[Si],8)),N(INDEX(Recipe_Calc[Si],8))>0),INDEX(Recipe_Calc[Si],7)/INDEX(Recipe_Calc[Si],8)*100,"") -> 0 | S33: =IF(AND(ISNUMBER(INDEX(Recipe_Calc[Ni],8)),N(INDEX(Recipe_Calc[Ni],8))>0),INDEX(Recipe_Calc[Ni],7)/INDEX(Recipe_Calc[Ni],8)*100,"") -> 0 | T33: =IF(AND(ISNUMBER(INDEX(Recipe_Calc[Na],8)),N(INDEX(Recipe_Calc[Na],8))>0),INDEX(Recipe_Calc[Na],7)/INDEX(Recipe_Calc[Na],8)*100,"") | U33: =IF(AND(ISNUMBER(INDEX(Recipe_Calc[Co],8)),N(INDEX(Recipe_Calc[Co],8))>0),INDEX(Recipe_Calc[Co],7)/INDEX(Recipe_Calc[Co],8)*100,"") | V33: =IF(AND(ISNUMBER(INDEX(Recipe_Calc[I],8)),N(INDEX(Recipe_Calc[I],8))>0),INDEX(Recipe_Calc[I],7)/INDEX(Recipe_Calc[I],8)*100,"") | W33: =IF(AND(ISNUMBER(INDEX(Recipe_Calc[Se],8)),N(INDEX(Recipe_Calc[Se],8))>0),INDEX(Recipe_Calc[Se],7)/INDEX(Recipe_Calc[Se],8)*100,"") | X33: =IF(AND(ISNUMBER(INDEX(Recipe_Calc[Al],8)),N(INDEX(Recipe_Calc[Al],8))>0),INDEX(Recipe_Calc[Al],7)/INDEX(Recipe_Calc[Al],8)*100,"")

Sheet Water
A1: Water test report concentration
A2: Enter ppm from water report (0 if none)
A10: Alkalinity (as CaCO₃) | B10: pH | C10: EC (dS/m) | D10: Total N | E10: Urea | F10: Ammonium-N | G10: Nitrate-N | H10: P | I10: K | J10: Ca | K10: Mg | L10: SO₄²⁻ | M10: B | N10: Cu | O10: Fe | P10: Mn | Q10: Mo | R10: Zn | S10: Ni | T10: Cl | U10: Na | V10: Si | W10: Co | X10: I | Y10: Se | Z10: Al
D11: 0 | E11: 0 | F11: 0 | G11: 0 | H11: 0 | I11: 0 | J11: 0 | K11: 0 | L11: 0 | M11: 0 | N11: 0 | O11: 0 | P11: 0 | Q11: 0 | R11: 0

Sheet Seeds
B9: Genus species | H9: Quality Control
A10: Seed | B10: Scientific Name | C10: Common Name | D10: Brand Name | E10: Variety | F10: Color | G10: Type | H10: QC Testing Designation | I10: Organic | J10: Pelleted | K10: Days Until Germination (min) | L10: Days Until Germination (max) | M10: Days Until Maturity | N10: Disease Resistance | O10: Notes | P10: Link
A11: 3059JP.65 | B11: Lactuca sativa | C11: Red Oakleaf Lettuce | D11: SC Salanova Brand Lettuce | E11: Xandra | F11: Red | G11: Oakleaf | H11: MT0 | I11: OG | J11: Pelleted | K11: 0 | L11: 0 | M11: 55 | N11: Downy Mildew (High), Lettuce Leaf Aphid Nasonovia ribisnigri (High) | P11: https://www.johnnyseeds.com/vegetables/lettuce/salanova-lettuce/salanova-premier-collection-pelleted-lettuce-seed-3073JP.html
A12: 3057JP.65 | B12: Lactuca sativa | C12: Red Butter Lettuce | D12: SC Salanova Brand Lettuce | E12: Davinci | F12: Red | G12: Butter | H12: MT0 | I12: OG | J12: Pelleted | K12: 0 | L12: 0 | M12: 55 | N12: Downy Mildew (High), Lettuce Leaf Aphid Nasonovia ribisnigri (High) | P12: https://www.johnnyseeds.com/vegetables/lettuce/salanova-lettuce/salanova-premier-collection-pelleted-lettuce-seed-3073JP.html
A13: 3058JP.65 | B13: Lactuca sativa | C13: Green Oakleaf Lettuce | D13: SC Salanova Brand Lettuce | E13: Cousteau | F13: Green | G13: Oakleaf | H13: MT0 | I13: OG | J13: Pelleted | K13: 0 | L13: 0 | M13: 55 | N13: Downy Mildew (High), Lettuce Leaf Aphid Nasonovia ribisnigri (High) | P13: https://www.johnnyseeds.com/vegetables/lettuce/salanova-lettuce/salanova-premier-collection-pelleted-lettuce-seed-3073JP.html
A14: 3056JP.65 | B14: Lactuca sativa | C14: Green Butter Lettuce | D14: SC Salanova Brand Lettuce | E14: Higgs | F14: Green | G14: Butter | H14: MT0 | I14: OG | J14: Pelleted | K14: 0 | L14: 0 | M14: 55 | N14: Downy Mildew (High), Lettuce Leaf Aphid Nasonovia ribisnigri (High) | P14: https://www.johnnyseeds.com/vegetables/lettuce/salanova-lettuce/salanova-premier-collection-pelleted-lettuce-seed-3073JP.html
A15: 2178GP.53 | B15: Ocimum basilicum | C15: Nufar Basil | D15: Large Leaf Basil | F15: Green | G15: Nufar | I15: OG | J15: Pelleted | K15: 5 | L15: 10 | M15: 42 | N15: Fusarium Wilt (Intermediate) | O15: Shortened 'Days Until Maturity' from 74 to 42 for the first harvest. | P15: https://www.johnnyseeds.com/herbs/basil/italian-large-leaf-basil/nufar-organic-pelleted-basil-seed-2178GP.html

Sheet 2026-10-02_Jars
P1: Measure 1st | Q1: Measure 2nd | X1: After Death | Y1: After Death
E9: =IF(@[Jar Type]="", "", TEXT(XLOOKUP([@[Jar Type]], 'Containers'!A:A, 'Containers'!C:C), "General")) | F9: ... | I9: =IF(@[Jar Type]="", "", TEXT(IFERROR(MEDIAN(FILTER(VALUE([Water Added (mL)]), ([Jar Purpose]=[@[Jar Purpose]])*([Jar Type]=[@[Jar Type]])*([Additional Water Added]="1"))), 0), "0000")) | J9: ==IF(@[Jar Type]="", "", TEXT(IFERROR(MEDIAN(FILTER(VALUE([Water Added (mL)]), ([Jar Purpose]=[@[Jar Purpose]])*([Jar Type]=[@[Jar Type]])*([Additional Water Added]="0"))), 0), "0000")) | K9: ... | R9: =IF(@[Jar]="", "", IFERROR(IFERROR(XLOOKUP(@[Jar], Growing[Growing Jar], Growing[Status]), XLOOKUP(@[Jar], Growing[Seeding Jar], Growing[Status])), "")) | S9: ... | X9: ...
A10: Jar | B10: Jar Type | C10: Jar Name | D10: Jar Purpose | E10: Jar Size (mL) | F10: Autoclaved | G10: Date Made | H10: Water Type | I10: Expected Water (min, mL) | J10: Expected Water (max, mL) | K10: Water Added (mL) | L10: Water Level from Top (mm) | M10: Target PPM Nitrogen | N10: Fertilizer Added (g) | O10: pH Procedure | P10: Initial pH | Q10: Initial EC (μS) | R10: Growing Status | S10: Additional Water Added (mL) | T10: Additional Fertilizer Added (g) | U10: Fertilizer Added Date | V10: Total Water Added (mL) | W10: Total Fertilizer Added (g) | X10: Final pH | Y10: Final EC (μS) | Z10: Exterior | AA10: Shade | AB10: Notes
A11: 1 | B11: Half-Gallon Ball Mason Jar | C11: Romaine Calm | D11: Seeding & Growing | E11: =IF(zzz_20261002_Jars[[#This Row],[Jar Type]]="", "", TEXT(_xlfn.XLOOKUP(zzz_20261002_Jars[[#This Row],[Jar Type]], Containers!A:A, Containers!C:C), "General")) -> 1892.7 | F11: 0 | G11: 2026-05-22 | H11: Distilled | I11: {=IF(_xlfn.SINGLE(zzz_20261002_Jars[Jar Type])="", "", TEXT(IFERROR(MEDIAN(_xlfn._xlws.FILTER(VALUE(zzz_20261002_Jars[Water Added (mL)]), (zzz_20261002_Jars[Jar Purpose]=zzz_20261002_Jars[[#This Row],[Jar Purpose]])*(zzz_20261002_Jars[Jar Type]=zzz_20261002_Jars[[#This Row],[Jar Type]])*(zzz_20261002_Jars[Additional Water Added (mL)]="1"))), 0), "0000"))} -> 1700 | J11: {=IF(_xlfn.SINGLE(zzz_20261002_Jars[Jar Type])="", "", TEXT(IFERROR(MEDIAN(_xlfn._xlws.FILTER(VALUE(zzz_20261002_Jars[Water Added (mL)]), (zzz_20261002_Jars[Jar Purpose]=zzz_20261002_Jars[[#This Row],[Jar Purpose]])*(zzz_20261002_Jars[Jar Type]=zzz_20261002_Jars[[#This Row],[Jar Type]])*(zzz_20261002_Jars[Additional Water Added (mL)]="0"))), 0), "0000"))} -> 0000 | K11: 1750 | L11: Unknown | M11: Unknown | N11: 1.48 | O11: default-ph | P11: 5.75 | Q11: 1040 | R11: =IF(zzz_20261002_Jars[[#This Row],[Jar]]="", "", IFERROR(IFERROR(_xlfn.XLOOKUP(zzz_20261002_Jars[[#This Row],[Jar]], Growing[Growing Jar], Growing[Status]), _xlfn.XLOOKUP(zzz_20261002_Jars[[#This Row],[Jar]], Growing[Seeding Jar], Growing[Status])), "Ready")) -> Finished | S11: Unknown | T11: 0 | U11: None | V11: {=_xlfn.LET( _xlpm.water, zzz_20261002_Jars[[#This Row],[Water Added (mL)]], _xlpm.additional, zzz_20261002_Jars[[#This Row],[Additional Water Added (mL)]], IF(_xlpm.water="", "", IF(_xlpm.additional="Unknown", VALUE(_xlpm.water), VALUE(_xlpm.water)+VALUE(_xlpm.additional))) )} -> 1750 | W11: {=_xlfn.LET( _xlpm.fertilizer, zzz_20261002_Jars[[#This Row],[Fertilizer Added (g)]], _xlpm.additional, zzz_20261002_Jars[[#This Row],[Additional Fertilizer Added (g)]], IF(_xlpm.fertilizer="", "", IF(_xlpm.additional="Unknown", VALUE(_xlpm.fertilizer), VALUE(_xlpm.fertilizer)+VALUE(_xlpm.additional))) )} -> 1.48 | X11: 6.50 | Y11: 507 | Z11: 1 Brown Paper Bag | AA11: 1 Sheet Cardboard
A12: 2 | B12: Half-Gallon Ball Mason Jar | C12: Leaf Quickly | D12: Seeding & Growing | E12: =IF(zzz_20261002_Jars[[#This Row],[Jar Type]]="", "", TEXT(_xlfn.XLOOKUP(zzz_20261002_Jars[[#This Row],[Jar Type]], Containers!A:A, Containers!C:C), "General")) -> 1892.7 | F12: 0 | G12: 2026-05-22 | H12: Distilled | I12: {=IF(_xlfn.SINGLE(zzz_20261002_Jars[Jar Type])="", "", TEXT(IFERROR(MEDIAN(_xlfn._xlws.FILTER(VALUE(zzz_20261002_Jars[Water Added (mL)]), (zzz_20261002_Jars[Jar Purpose]=zzz_20261002_Jars[[#This Row],[Jar Purpose]])*(zzz_20261002_Jars[Jar Type]=zzz_20261002_Jars[[#This Row],[Jar Type]])*(zzz_20261002_Jars[Additional Water Added (mL)]="1"))), 0), "0000"))} -> 1700 | J12: {=IF(_xlfn.SINGLE(zzz_20261002_Jars[Jar Type])="", "", TEXT(IFERROR(MEDIAN(_xlfn._xlws.FILTER(VALUE(zzz_20261002_Jars[Water Added (mL)]), (zzz_20261002_Jars[Jar Purpose]=zzz_20261002_Jars[[#This Row],[Jar Purpose]])*(zzz_20261002_Jars[Jar Type]=zzz_20261002_Jars[[#This Row],[Jar Type]])*(zzz_20261002_Jars[Additional Water Added (mL)]="0"))), 0), "0000"))} -> 0000 | K12: 1750 | L12: Unknown | M12: Unknown | N12: 1.48 | O12: default-ph | P12: 5.75 | Q12: 1011 | R12: =IF(zzz_20261002_Jars[[#This Row],[Jar]]="", "", IFERROR(IFERROR(_xlfn.XLOOKUP(zzz_20261002_Jars[[#This Row],[Jar]], Growing[Growing Jar], Growing[Status]), _xlfn.XLOOKUP(zzz_20261002_Jars[[#This Row],[Jar]], Growing[Seeding Jar], Growing[Status])), "Ready")) -> Finished | S12: Unknown | T12: 0 | U12: None | V12: {=_xlfn.LET( _xlpm.water, zzz_20261002_Jars[[#This Row],[Water Added (mL)]], _xlpm.additional, zzz_20261002_Jars[[#This Row],[Additional Water Added (mL)]], IF(_xlpm.water="", "", IF(_xlpm.additional="Unknown", VALUE(_xlpm.water), VALUE(_xlpm.water)+VALUE(_xlpm.additional))) )} -> 1750 | W12: {=_xlfn.LET( _xlpm.fertilizer, zzz_20261002_Jars[[#This Row],[Fertilizer Added (g)]], _xlpm.additional, zzz_20261002_Jars[[#This Row],[Additional Fertilizer Added (g)]], IF(_xlpm.fertilizer="", "", IF(_xlpm.additional="Unknown", VALUE(_xlpm.fertilizer), VALUE(_xlpm.fertilizer)+VALUE(_xlpm.additional))) )} -> 1.48 | X12: 6.50 | Y12: 504 | Z12: 1 Brown Paper Bag | AA12: 1 Sheet Cardboard
A13: 3 | B13: Half-Gallon Ball Mason Jar | C13: Toss Boss | D13: Seeding & Growing | E13: =IF(zzz_20261002_Jars[[#This Row],[Jar Type]]="", "", TEXT(_xlfn.XLOOKUP(zzz_20261002_Jars[[#This Row],[Jar Type]], Containers!A:A, Containers!C:C), "General")) -> 1892.7 | F13: 0 | G13: 2026-05-22 | H13: Distilled | I13: {=IF(_xlfn.SINGLE(zzz_20261002_Jars[Jar Type])="", "", TEXT(IFERROR(MEDIAN(_xlfn._xlws.FILTER(VALUE(zzz_20261002_Jars[Water Added (mL)]), (zzz_20261002_Jars[Jar Purpose]=zzz_20261002_Jars[[#This Row],[Jar Purpose]])*(zzz_20261002_Jars[Jar Type]=zzz_20261002_Jars[[#This Row],[Jar Type]])*(zzz_20261002_Jars[Additional Water Added (mL)]="1"))), 0), "0000"))} -> 1700 | J13: {=IF(_xlfn.SINGLE(zzz_20261002_Jars[Jar Type])="", "", TEXT(IFERROR(MEDIAN(_xlfn._xlws.FILTER(VALUE(zzz_20261002_Jars[Water Added (mL)]), (zzz_20261002_Jars[Jar Purpose]=zzz_20261002_Jars[[#This Row],[Jar Purpose]])*(zzz_20261002_Jars[Jar Type]=zzz_20261002_Jars[[#This Row],[Jar Type]])*(zzz_20261002_Jars[Additional Water Added (mL)]="0"))), 0), "0000"))} -> 0000 | K13: 1700 | L13: Unknown | M13: Unknown | N13: 1.11 | O13: default-ph | P13: 5.25 | Q13: 683 | R13: =IF(zzz_20261002_Jars[[#This Row],[Jar]]="", "", IFERROR(IFERROR(_xlfn.XLOOKUP(zzz_20261002_Jars[[#This Row],[Jar]], Growing[Growing Jar], Growing[Status]), _xlfn.XLOOKUP(zzz_20261002_Jars[[#This Row],[Jar]], Growing[Seeding Jar], Growing[Status])), "Ready")) -> Finished | S13: Unknown | T13: 0 | U13: None | V13: {=_xlfn.LET( _xlpm.water, zzz_20261002_Jars[[#This Row],[Water Added (mL)]], _xlpm.additional, zzz_20261002_Jars[[#This Row],[Additional Water Added (mL)]], IF(_xlpm.water="", "", IF(_xlpm.additional="Unknown", VALUE(_xlpm.water), VALUE(_xlpm.water)+VALUE(_xlpm.additional))) )} -> 1700 | W13: {=_xlfn.LET( _xlpm.fertilizer, zzz_20261002_Jars[[#This Row],[Fertilizer Added (g)]], _xlpm.additional, zzz_20261002_Jars[[#This Row],[Additional Fertilizer Added (g)]], IF(_xlpm.fertilizer="", "", IF(_xlpm.additional="Unknown", VALUE(_xlpm.fertilizer), VALUE(_xlpm.fertilizer)+VALUE(_xlpm.additional))) )} -> 1.11 | X13: 6.00 | Y13: 366 | Z13: 1 Brown Paper Bag | AA13: 1 Sheet Cardboard
A14: 4 | B14: Half-Gallon Ball Mason Jar | C14: Lettuce Bee Bold | D14: Seeding & Growing | E14: =IF(zzz_20261002_Jars[[#This Row],[Jar Type]]="", "", TEXT(_xlfn.XLOOKUP(zzz_20261002_Jars[[#This Row],[Jar Type]], Containers!A:A, Containers!C:C), "General")) -> 1892.7 | F14: 0 | G14: 2026-05-22 | H14: Distilled | I14: {=IF(_xlfn.SINGLE(zzz_20261002_Jars[Jar Type])="", "", TEXT(IFERROR(MEDIAN(_xlfn._xlws.FILTER(VALUE(zzz_20261002_Jars[Water Added (mL)]), (zzz_20261002_Jars[Jar Purpose]=zzz_20261002_Jars[[#This Row],[Jar Purpose]])*(zzz_20261002_Jars[Jar Type]=zzz_20261002_Jars[[#This Row],[Jar Type]])*(zzz_20261002_Jars[Additional Water Added (mL)]="1"))), 0), "0000"))} -> 1700 | J14: {=IF(_xlfn.SINGLE(zzz_20261002_Jars[Jar Type])="", "", TEXT(IFERROR(MEDIAN(_xlfn._xlws.FILTER(VALUE(zzz_20261002_Jars[Water Added (mL)]), (zzz_20261002_Jars[Jar Purpose]=zzz_20261002_Jars[[#This Row],[Jar Purpose]])*(zzz_20261002_Jars[Jar Type]=zzz_20261002_Jars[[#This Row],[Jar Type]])*(zzz_20261002_Jars[Additional Water Added (mL)]="0"))), 0), "0000"))} -> 0000 | K14: 1700 | L14: Unknown | M14: Unknown | N14: 1.44 | O14: default-ph | P14: 5.75 | Q14: 1045 | R14: =IF(zzz_20261002_Jars[[#This Row],[Jar]]="", "", IFERROR(IFERROR(_xlfn.XLOOKUP(zzz_20261002_Jars[[#This Row],[Jar]], Growing[Growing Jar], Growing[Status]), _xlfn.XLOOKUP(zzz_20261002_Jars[[#This Row],[Jar]], Growing[Seeding Jar], Growing[Status])), "Ready")) -> Finished | S14: Unknown | T14: 0 | U14: None | V14: {=_xlfn.LET( _xlpm.water, zzz_20261002_Jars[[#This Row],[Water Added (mL)]], _xlpm.additional, zzz_20261002_Jars[[#This Row],[Additional Water Added (mL)]], IF(_xlpm.water="", "", IF(_xlpm.additional="Unknown", VALUE(_xlpm.water), VALUE(_xlpm.water)+VALUE(_xlpm.additional))) )} -> 1700 | W14: {=_xlfn.LET( _xlpm.fertilizer, zzz_20261002_Jars[[#This Row],[Fertilizer Added (g)]], _xlpm.additional, zzz_20261002_Jars[[#This Row],[Additional Fertilizer Added (g)]], IF(_xlpm.fertilizer="", "", IF(_xlpm.additional="Unknown", VALUE(_xlpm.fertilizer), VALUE(_xlpm.fertilizer)+VALUE(_xlpm.additional))) )} -> 1.44 | X14: 6.00 | Y14: 371 | Z14: 1 Brown Paper Bag | AA14: 1 Sheet Cardboard
A15: 5 | B15: Half-Gallon Ball Mason Jar | C15: Dressed for Success | D15: Seeding & Growing | E15: =IF(zzz_20261002_Jars[[#This Row],[Jar Type]]="", "", TEXT(_xlfn.XLOOKUP(zzz_20261002_Jars[[#This Row],[Jar Type]], Containers!A:A, Containers!C:C), "General")) -> 1892.7 | F15: 0 | G15: 2026-05-29 | H15: Distilled | I15: {=IF(_xlfn.SINGLE(zzz_20261002_Jars[Jar Type])="", "", TEXT(IFERROR(MEDIAN(_xlfn._xlws.FILTER(VALUE(zzz_20261002_Jars[Water Added (mL)]), (zzz_20261002_Jars[Jar Purpose]=zzz_20261002_Jars[[#This Row],[Jar Purpose]])*(zzz_20261002_Jars[Jar Type]=zzz_20261002_Jars[[#This Row],[Jar Type]])*(zzz_20261002_Jars[Additional Water Added (mL)]="1"))), 0), "0000"))} -> 1700 | J15: {=IF(_xlfn.SINGLE(zzz_20261002_Jars[Jar Type])="", "", TEXT(IFERROR(MEDIAN(_xlfn._xlws.FILTER(VALUE(zzz_20261002_Jars[Water Added (mL)]), (zzz_20261002_Jars[Jar Purpose]=zzz_20261002_Jars[[#This Row],[Jar Purpose]])*(zzz_20261002_Jars[Jar Type]=zzz_20261002_Jars[[#This Row],[Jar Type]])*(zzz_20261002_Jars[Additional Water Added (mL)]="0"))), 0), "0000"))} -> 0000 | K15: 1700 | L15: Unknown | M15: Unknown | N15: 1.39 | O15: default-ph | P15: 5.75 | Q15: 937 | R15: =IF(zzz_20261002_Jars[[#This Row],[Jar]]="", "", IFERROR(IFERROR(_xlfn.XLOOKUP(zzz_20261002_Jars[[#This Row],[Jar]], Growing[Growing Jar], Growing[Status]), _xlfn.XLOOKUP(zzz_20261002_Jars[[#This Row],[Jar]], Growing[Seeding Jar], Growing[Status])), "Ready")) -> Finished | S15: Unknown | T15: 0 | U15: None | V15: {=_xlfn.LET( _xlpm.water, zzz_20261002_Jars[[#This Row],[Water Added (mL)]], _xlpm.additional, zzz_20261002_Jars[[#This Row],[Additional Water Added (mL)]], IF(_xlpm.water="", "", IF(_xlpm.additional="Unknown", VALUE(_xlpm.water), VALUE(_xlpm.water)+VALUE(_xlpm.additional))) )} -> 1700 | W15: {=_xlfn.LET( _xlpm.fertilizer, zzz_20261002_Jars[[#This Row],[Fertilizer Added (g)]], _xlpm.additional, zzz_20261002_Jars[[#This Row],[Additional Fertilizer Added (g)]], IF(_xlpm.fertilizer="", "", IF(_xlpm.additional="Unknown", VALUE(_xlpm.fertilizer), VALUE(_xlpm.fertilizer)+VALUE(_xlpm.additional))) )} -> 1.39 | X15: 5.25 | Y15: 994 | Z15: 1 Brown Paper Bag | AA15: 1 Sheet Cardboard
A16: 6 | B16: Half-Gallon Ball Mason Jar | C16: Chop Chop Real Smooth | D16: Seeding & Growing | E16: =IF(zzz_20261002_Jars[[#This Row],[Jar Type]]="", "", TEXT(_xlfn.XLOOKUP(zzz_20261002_Jars[[#This Row],[Jar Type]], Containers!A:A, Containers!C:C), "General")) -> 1892.7 | F16: 0 | G16: 2026-06-03 | H16: Distilled | I16: {=IF(_xlfn.SINGLE(zzz_20261002_Jars[Jar Type])="", "", TEXT(IFERROR(MEDIAN(_xlfn._xlws.FILTER(VALUE(zzz_20261002_Jars[Water Added (mL)]), (zzz_20261002_Jars[Jar Purpose]=zzz_20261002_Jars[[#This Row],[Jar Purpose]])*(zzz_20261002_Jars[Jar Type]=zzz_20261002_Jars[[#This Row],[Jar Type]])*(zzz_20261002_Jars[Additional Water Added (mL)]="1"))), 0), "0000"))} -> 1700 | J16: {=IF(_xlfn.SINGLE(zzz_20261002_Jars[Jar Type])="", "", TEXT(IFERROR(MEDIAN(_xlfn._xlws.FILTER(VALUE(zzz_20261002_Jars[Water Added (mL)]), (zzz_20261002_Jars[Jar Purpose]=zzz_20261002_Jars[[#This Row],[Jar Purpose]])*(zzz_20261002_Jars[Jar Type]=zzz_20261002_Jars[[#This Row],[Jar Type]])*(zzz_20261002_Jars[Additional Water Added (mL)]="0"))), 0), "0000"))} -> 0000 | K16: 1750 | L16: Unknown | M16: Unknown | N16: 1.40 | O16: default-ph | P16: 5.25 | Q16: 941 | R16: =IF(zzz_20261002_Jars[[#This Row],[Jar]]="", "", IFERROR(IFERROR(_xlfn.XLOOKUP(zzz_20261002_Jars[[#This Row],[Jar]], Growing[Growing Jar], Growing[Status]), _xlfn.XLOOKUP(zzz_20261002_Jars[[#This Row],[Jar]], Growing[Seeding Jar], Growing[Status])), "Ready")) -> Finished | S16: Unknown | T16: 0 | U16: None | V16: {=_xlfn.LET( _xlpm.water, zzz_20261002_Jars[[#This Row],[Water Added (mL)]], _xlpm.additional, zzz_20261002_Jars[[#This Row],[Additional Water Added (mL)]], IF(_xlpm.water="", "", IF(_xlpm.additional="Unknown", VALUE(_xlpm.water), VALUE(_xlpm.water)+VALUE(_xlpm.additional))) )} -> 1750 | W16: {=_xlfn.LET( _xlpm.fertilizer, zzz_20261002_Jars[[#This Row],[Fertilizer Added (g)]], _xlpm.additional, zzz_20261002_Jars[[#This Row],[Additional Fertilizer Added (g)]], IF(_xlpm.fertilizer="", "", IF(_xlpm.additional="Unknown", VALUE(_xlpm.fertilizer), VALUE(_xlpm.fertilizer)+VALUE(_xlpm.additional))) )} -> 1.4 | X16: 6.50 | Y16: 525 | Z16: 1 Brown Paper Bag | AA16: 1 Sheet Cardboard
A17: 7 | B17: Half-Gallon Ball Mason Jar | C17: Duck Duck Produce! | D17: Seeding & Growing | E17: =IF(zzz_20261002_Jars[[#This Row],[Jar Type]]="", "", TEXT(_xlfn.XLOOKUP(zzz_20261002_Jars[[#This Row],[Jar Type]], Containers!A:A, Containers!C:C), "General")) -> 1892.7 | F17: 0 | G17: 2026-06-03 | H17: Distilled | I17: {=IF(_xlfn.SINGLE(zzz_20261002_Jars[Jar Type])="", "", TEXT(IFERROR(MEDIAN(_xlfn._xlws.FILTER(VALUE(zzz_20261002_Jars[Water Added (mL)]), (zzz_20261002_Jars[Jar Purpose]=zzz_20261002_Jars[[#This Row],[Jar Purpose]])*(zzz_20261002_Jars[Jar Type]=zzz_20261002_Jars[[#This Row],[Jar Type]])*(zzz_20261002_Jars[Additional Water Added (mL)]="1"))), 0), "0000"))} -> 1700 | J17: {=IF(_xlfn.SINGLE(zzz_20261002_Jars[Jar Type])="", "", TEXT(IFERROR(MEDIAN(_xlfn._xlws.FILTER(VALUE(zzz_20261002_Jars[Water Added (mL)]), (zzz_20261002_Jars[Jar Purpose]=zzz_20261002_Jars[[#This Row],[Jar Purpose]])*(zzz_20261002_Jars[Jar Type]=zzz_20261002_Jars[[#This Row],[Jar Type]])*(zzz_20261002_Jars[Additional Water Added (mL)]="0"))), 0), "0000"))} -> 0000 | K17: 1750 | L17: Unknown | M17: Unknown | N17: 1.43 | O17: default-ph | P17: 5.75 | Q17: 1017 | R17: =IF(zzz_20261002_Jars[[#This Row],[Jar]]="", "", IFERROR(IFERROR(_xlfn.XLOOKUP(zzz_20261002_Jars[[#This Row],[Jar]], Growing[Growing Jar], Growing[Status]), _xlfn.XLOOKUP(zzz_20261002_Jars[[#This Row],[Jar]], Growing[Seeding Jar], Growing[Status])), "Ready")) -> Finished | S17: Unknown | T17: 0 | U17: None | V17: {=_xlfn.LET( _xlpm.water, zzz_20261002_Jars[[#This Row],[Water Added (mL)]], _xlpm.additional, zzz_20261002_Jars[[#This Row],[Additional Water Added (mL)]], IF(_xlpm.water="", "", IF(_xlpm.additional="Unknown", VALUE(_xlpm.water), VALUE(_xlpm.water)+VALUE(_xlpm.additional))) )} -> 1750 | W17: {=_xlfn.LET( _xlpm.fertilizer, zzz_20261002_Jars[[#This Row],[Fertilizer Added (g)]], _xlpm.additional, zzz_20261002_Jars[[#This Row],[Additional Fertilizer Added (g)]], IF(_xlpm.fertilizer="", "", IF(_xlpm.additional="Unknown", VALUE(_xlpm.fertilizer), VALUE(_xlpm.fertilizer)+VALUE(_xlpm.additional))) )} -> 1.43 | X17: 6.50 | Y17: 526 | Z17: 1 Brown Paper Bag | AA17: 1 Sheet Cardboard
A18: 8 | B18: Half-Gallon Ball Mason Jar | C18: Home Sill Home | D18: Seeding & Growing | E18: =IF(zzz_20261002_Jars[[#This Row],[Jar Type]]="", "", TEXT(_xlfn.XLOOKUP(zzz_20261002_Jars[[#This Row],[Jar Type]], Containers!A:A, Containers!C:C), "General")) -> 1892.7 | F18: 0 | G18: 2026-06-03 | H18: Distilled | I18: {=IF(_xlfn.SINGLE(zzz_20261002_Jars[Jar Type])="", "", TEXT(IFERROR(MEDIAN(_xlfn._xlws.FILTER(VALUE(zzz_20261002_Jars[Water Added (mL)]), (zzz_20261002_Jars[Jar Purpose]=zzz_20261002_Jars[[#This Row],[Jar Purpose]])*(zzz_20261002_Jars[Jar Type]=zzz_20261002_Jars[[#This Row],[Jar Type]])*(zzz_20261002_Jars[Additional Water Added (mL)]="1"))), 0), "0000"))} -> 1700 | J18: {=IF(_xlfn.SINGLE(zzz_20261002_Jars[Jar Type])="", "", TEXT(IFERROR(MEDIAN(_xlfn._xlws.FILTER(VALUE(zzz_20261002_Jars[Water Added (mL)]), (zzz_20261002_Jars[Jar Purpose]=zzz_20261002_Jars[[#This Row],[Jar Purpose]])*(zzz_20261002_Jars[Jar Type]=zzz_20261002_Jars[[#This Row],[Jar Type]])*(zzz_20261002_Jars[Additional Water Added (mL)]="0"))), 0), "0000"))} -> 0000 | K18: 1750 | L18: Unknown | M18: Unknown | N18: 1.37 | O18: default-ph | P18: 5.75 | Q18: 968 | R18: =IF(zzz_20261002_Jars[[#This Row],[Jar]]="", "", IFERROR(IFERROR(_xlfn.XLOOKUP(zzz_20261002_Jars[[#This Row],[Jar]], Growing[Growing Jar], Growing[Status]), _xlfn.XLOOKUP(zzz_20261002_Jars[[#This Row],[Jar]], Growing[Seeding Jar], Growing[Status])), "Ready")) -> Finished | S18: Unknown | T18: 0 | U18: None | V18: {=_xlfn.LET( _xlpm.water, zzz_20261002_Jars[[#This Row],[Water Added (mL)]], _xlpm.additional, zzz_20261002_Jars[[#This Row],[Additional Water Added (mL)]], IF(_xlpm.water="", "", IF(_xlpm.additional="Unknown", VALUE(_xlpm.water), VALUE(_xlpm.water)+VALUE(_xlpm.additional))) )} -> 1750 | W18: {=_xlfn.LET( _xlpm.fertilizer, zzz_20261002_Jars[[#This Row],[Fertilizer Added (g)]], _xlpm.additional, zzz_20261002_Jars[[#This Row],[Additional Fertilizer Added (g)]], IF(_xlpm.fertilizer="", "", IF(_xlpm.additional="Unknown", VALUE(_xlpm.fertilizer), VALUE(_xlpm.fertilizer)+VALUE(_xlpm.additional))) )} -> 1.37 | X18: 6.50 | Y18: 495 | Z18: 1 Brown Paper Bag | AA18: 1 Sheet Cardboard
A19: 9 | B19: Half-Gallon Ball Mason Jar | C19: Mr. Green, in the Hall, with the Jar (candlestick) | D19: Seeding & Growing | E19: =IF(zzz_20261002_Jars[[#This Row],[Jar Type]]="", "", TEXT(_xlfn.XLOOKUP(zzz_20261002_Jars[[#This Row],[Jar Type]], Containers!A:A, Containers!C:C), "General")) -> 1892.7 | F19: 0 | G19: 2026-06-03 | H19: Distilled | I19: {=IF(_xlfn.SINGLE(zzz_20261002_Jars[Jar Type])="", "", TEXT(IFERROR(MEDIAN(_xlfn._xlws.FILTER(VALUE(zzz_20261002_Jars[Water Added (mL)]), (zzz_20261002_Jars[Jar Purpose]=zzz_20261002_Jars[[#This Row],[Jar Purpose]])*(zzz_20261002_Jars[Jar Type]=zzz_20261002_Jars[[#This Row],[Jar Type]])*(zzz_20261002_Jars[Additional Water Added (mL)]="1"))), 0), "0000"))} -> 1700 | J19: {=IF(_xlfn.SINGLE(zzz_20261002_Jars[Jar Type])="", "", TEXT(IFERROR(MEDIAN(_xlfn._xlws.FILTER(VALUE(zzz_20261002_Jars[Water Added (mL)]), (zzz_20261002_Jars[Jar Purpose]=zzz_20261002_Jars[[#This Row],[Jar Purpose]])*(zzz_20261002_Jars[Jar Type]=zzz_20261002_Jars[[#This Row],[Jar Type]])*(zzz_20261002_Jars[Additional Water Added (mL)]="0"))), 0), "0000"))} -> 0000 | K19: 1750 | L19: Unknown | M19: Unknown | N19: 1.49 | O19: default-ph | P19: 6.50 | Q19: 1114 | R19: =IF(zzz_20261002_Jars[[#This Row],[Jar]]="", "", IFERROR(IFERROR(_xlfn.XLOOKUP(zzz_20261002_Jars[[#This Row],[Jar]], Growing[Growing Jar], Growing[Status]), _xlfn.XLOOKUP(zzz_20261002_Jars[[#This Row],[Jar]], Growing[Seeding Jar], Growing[Status])), "Ready")) -> Finished | S19: 1 | T19: 0 | U19: None | V19: {=_xlfn.LET( _xlpm.water, zzz_20261002_Jars[[#This Row],[Water Added (mL)]], _xlpm.additional, zzz_20261002_Jars[[#This Row],[Additional Water Added (mL)]], IF(_xlpm.water="", "", IF(_xlpm.additional="Unknown", VALUE(_xlpm.water), VALUE(_xlpm.water)+VALUE(_xlpm.additional))) )} -> 1751 | W19: {=_xlfn.LET( _xlpm.fertilizer, zzz_20261002_Jars[[#This Row],[Fertilizer Added (g)]], _xlpm.additional, zzz_20261002_Jars[[#This Row],[Additional Fertilizer Added (g)]], IF(_xlpm.fertilizer="", "", IF(_xlpm.additional="Unknown", VALUE(_xlpm.fertilizer), VALUE(_xlpm.fertilizer)+VALUE(_xlpm.additional))) )} -> 1.49 | X19: 6.25 | Y19: 441 | Z19: 1 Brown Paper Bag | AA19: 1 Sheet Cardboard | AB19: Added DI water to elevate the water level for evaporation during a hot week.
A20: 10 | B20: Half-Gallon Ball Mason Jar | C20: These are a few of my favorite things | D20: Seeding & Growing | E20: =IF(zzz_20261002_Jars[[#This Row],[Jar Type]]="", "", TEXT(_xlfn.XLOOKUP(zzz_20261002_Jars[[#This Row],[Jar Type]], Containers!A:A, Containers!C:C), "General")) -> 1892.7 | F20: 0 | G20: 2026-06-12 | H20: Distilled | I20: {=IF(_xlfn.SINGLE(zzz_20261002_Jars[Jar Type])="", "", TEXT(IFERROR(MEDIAN(_xlfn._xlws.FILTER(VALUE(zzz_20261002_Jars[Water Added (mL)]), (zzz_20261002_Jars[Jar Purpose]=zzz_20261002_Jars[[#This Row],[Jar Purpose]])*(zzz_20261002_Jars[Jar Type]=zzz_20261002_Jars[[#This Row],[Jar Type]])*(zzz_20261002_Jars[Additional Water Added (mL)]="1"))), 0), "0000"))} -> 1700 | J20: {=IF(_xlfn.SINGLE(zzz_20261002_Jars[Jar Type])="", "", TEXT(IFERROR(MEDIAN(_xlfn._xlws.FILTER(VALUE(zzz_20261002_Jars[Water Added (mL)]), (zzz_20261002_Jars[Jar Purpose]=zzz_20261002_Jars[[#This Row],[Jar Purpose]])*(zzz_20261002_Jars[Jar Type]=zzz_20261002_Jars[[#This Row],[Jar Type]])*(zzz_20261002_Jars[Additional Water Added (mL)]="0"))), 0), "0000"))} -> 0000 | K20: 1700 | L20: Unknown | M20: Unknown | N20: 1.39 | O20: default-ph | P20: 6.00 | Q20: 1050 | R20: =IF(zzz_20261002_Jars[[#This Row],[Jar]]="", "", IFERROR(IFERROR(_xlfn.XLOOKUP(zzz_20261002_Jars[[#This Row],[Jar]], Growing[Growing Jar], Growing[Status]), _xlfn.XLOOKUP(zzz_20261002_Jars[[#This Row],[Jar]], Growing[Seeding Jar], Growing[Status])), "Ready")) -> Finished | S20: Unknown | T20: 0 | U20: None | V20: {=_xlfn.LET( _xlpm.water, zzz_20261002_Jars[[#This Row],[Water Added (mL)]], _xlpm.additional, zzz_20261002_Jars[[#This Row],[Additional Water Added (mL)]], IF(_xlpm.water="", "", IF(_xlpm.additional="Unknown", VALUE(_xlpm.water), VALUE(_xlpm.water)+VALUE(_xlpm.additional))) )} -> 1700 | W20: {=_xlfn.LET( _xlpm.fertilizer, zzz_20261002_Jars[[#This Row],[Fertilizer Added (g)]], _xlpm.additional, zzz_20261002_Jars[[#This Row],[Additional Fertilizer Added (g)]], IF(_xlpm.fertilizer="", "", IF(_xlpm.additional="Unknown", VALUE(_xlpm.fertilizer), VALUE(_xlpm.fertilizer)+VALUE(_xlpm.additional))) )} -> 1.39 | X20: Unknown | Y20: Unknown | Z20: 1 Brown Paper Bag | AA20: 1 Sheet Cardboard
A21: 11 | B21: Half-Gallon Ball Mason Jar | C21: You're the Best! A Crown! | D21: Seeding & Growing | E21: =IF(zzz_20261002_Jars[[#This Row],[Jar Type]]="", "", TEXT(_xlfn.XLOOKUP(zzz_20261002_Jars[[#This Row],[Jar Type]], Containers!A:A, Containers!C:C), "General")) -> 1892.7 | F21: 0 | G21: 2026-06-12 | H21: Distilled | I21: {=IF(_xlfn.SINGLE(zzz_20261002_Jars[Jar Type])="", "", TEXT(IFERROR(MEDIAN(_xlfn._xlws.FILTER(VALUE(zzz_20261002_Jars[Water Added (mL)]), (zzz_20261002_Jars[Jar Purpose]=zzz_20261002_Jars[[#This Row],[Jar Purpose]])*(zzz_20261002_Jars[Jar Type]=zzz_20261002_Jars[[#This Row],[Jar Type]])*(zzz_20261002_Jars[Additional Water Added (mL)]="1"))), 0), "0000"))} -> 1700 | J21: {=IF(_xlfn.SINGLE(zzz_20261002_Jars[Jar Type])="", "", TEXT(IFERROR(MEDIAN(_xlfn._xlws.FILTER(VALUE(zzz_20261002_Jars[Water Added (mL)]), (zzz_20261002_Jars[Jar Purpose]=zzz_20261002_Jars[[#This Row],[Jar Purpose]])*(zzz_20261002_Jars[Jar Type]=zzz_20261002_Jars[[#This Row],[Jar Type]])*(zzz_20261002_Jars[Additional Water Added (mL)]="0"))), 0), "0000"))} -> 0000 | K21: 1700 | L21: Unknown | M21: Unknown | N21: 1.39 | O21: default-ph | P21: 6.50 | Q21: 1043 | R21: =IF(zzz_20261002_Jars[[#This Row],[Jar]]="", "", IFERROR(IFERROR(_xlfn.XLOOKUP(zzz_20261002_Jars[[#This Row],[Jar]], Growing[Growing Jar], Growing[Status]), _xlfn.XLOOKUP(zzz_20261002_Jars[[#This Row],[Jar]], Growing[Seeding Jar], Growing[Status])), "Ready")) -> Finished | S21: Unknown | T21: 0 | U21: None | V21: {=_xlfn.LET( _xlpm.water, zzz_20261002_Jars[[#This Row],[Water Added (mL)]], _xlpm.additional, zzz_20261002_Jars[[#This Row],[Additional Water Added (mL)]], IF(_xlpm.water="", "", IF(_xlpm.additional="Unknown", VALUE(_xlpm.water), VALUE(_xlpm.water)+VALUE(_xlpm.additional))) )} -> 1700 | W21: {=_xlfn.LET( _xlpm.fertilizer, zzz_20261002_Jars[[#This Row],[Fertilizer Added (g)]], _xlpm.additional, zzz_20261002_Jars[[#This Row],[Additional Fertilizer Added (g)]], IF(_xlpm.fertilizer="", "", IF(_xlpm.additional="Unknown", VALUE(_xlpm.fertilizer), VALUE(_xlpm.fertilizer)+VALUE(_xlpm.additional))) )} -> 1.39 | X21: 6.50 | Y21: 399 | Z21: 1 Brown Paper Bag | AA21: 1 Sheet Cardboard
A22: 12 | B22: Half-Gallon Ball Mason Jar | C22: Breakfast and Move Things | D22: Seeding & Growing | E22: =IF(zzz_20261002_Jars[[#This Row],[Jar Type]]="", "", TEXT(_xlfn.XLOOKUP(zzz_20261002_Jars[[#This Row],[Jar Type]], Containers!A:A, Containers!C:C), "General")) -> 1892.7 | F22: 0 | G22: 2026-06-12 | H22: Distilled | I22: {=IF(_xlfn.SINGLE(zzz_20261002_Jars[Jar Type])="", "", TEXT(IFERROR(MEDIAN(_xlfn._xlws.FILTER(VALUE(zzz_20261002_Jars[Water Added (mL)]), (zzz_20261002_Jars[Jar Purpose]=zzz_20261002_Jars[[#This Row],[Jar Purpose]])*(zzz_20261002_Jars[Jar Type]=zzz_20261002_Jars[[#This Row],[Jar Type]])*(zzz_20261002_Jars[Additional Water Added (mL)]="1"))), 0), "0000"))} -> 1700 | J22: {=IF(_xlfn.SINGLE(zzz_20261002_Jars[Jar Type])="", "", TEXT(IFERROR(MEDIAN(_xlfn._xlws.FILTER(VALUE(zzz_20261002_Jars[Water Added (mL)]), (zzz_20261002_Jars[Jar Purpose]=zzz_20261002_Jars[[#This Row],[Jar Purpose]])*(zzz_20261002_Jars[Jar Type]=zzz_20261002_Jars[[#This Row],[Jar Type]])*(zzz_20261002_Jars[Additional Water Added (mL)]="0"))), 0), "0000"))} -> 0000 | K22: 1700 | L22: Unknown | M22: Unknown | N22: 1.41 | O22: default-ph | P22: 6.00 | Q22: 1066 | R22: =IF(zzz_20261002_Jars[[#This Row],[Jar]]="", "", IFERROR(IFERROR(_xlfn.XLOOKUP(zzz_20261002_Jars[[#This Row],[Jar]], Growing[Growing Jar], Growing[Status]), _xlfn.XLOOKUP(zzz_20261002_Jars[[#This Row],[Jar]], Growing[Seeding Jar], Growing[Status])), "Ready")) -> Finished | S22: Unknown | T22: 0 | U22: None | V22: {=_xlfn.LET( _xlpm.water, zzz_20261002_Jars[[#This Row],[Water Added (mL)]], _xlpm.additional, zzz_20261002_Jars[[#This Row],[Additional Water Added (mL)]], IF(_xlpm.water="", "", IF(_xlpm.additional="Unknown", VALUE(_xlpm.water), VALUE(_xlpm.water)+VALUE(_xlpm.additional))) )} -> 1700 | W22: {=_xlfn.LET( _xlpm.fertilizer, zzz_20261002_Jars[[#This Row],[Fertilizer Added (g)]], _xlpm.additional, zzz_20261002_Jars[[#This Row],[Additional Fertilizer Added (g)]], IF(_xlpm.fertilizer="", "", IF(_xlpm.additional="Unknown", VALUE(_xlpm.fertilizer), VALUE(_xlpm.fertilizer)+VALUE(_xlpm.additional))) )} -> 1.41 | X22: Unknown | Y22: Unknown | Z22: 1 Brown Paper Bag | AA22: 1 Sheet Cardboard
A23: 13 | B23: Half-Gallon Ball Mason Jar | C23: Dancing on my Shelf | D23: Seeding & Growing | E23: =IF(zzz_20261002_Jars[[#This Row],[Jar Type]]="", "", TEXT(_xlfn.XLOOKUP(zzz_20261002_Jars[[#This Row],[Jar Type]], Containers!A:A, Containers!C:C), "General")) -> 1892.7 | F23: 0 | G23: 2026-06-12 | H23: Distilled | I23: {=IF(_xlfn.SINGLE(zzz_20261002_Jars[Jar Type])="", "", TEXT(IFERROR(MEDIAN(_xlfn._xlws.FILTER(VALUE(zzz_20261002_Jars[Water Added (mL)]), (zzz_20261002_Jars[Jar Purpose]=zzz_20261002_Jars[[#This Row],[Jar Purpose]])*(zzz_20261002_Jars[Jar Type]=zzz_20261002_Jars[[#This Row],[Jar Type]])*(zzz_20261002_Jars[Additional Water Added (mL)]="1"))), 0), "0000"))} -> 1700 | J23: {=IF(_xlfn.SINGLE(zzz_20261002_Jars[Jar Type])="", "", TEXT(IFERROR(MEDIAN(_xlfn._xlws.FILTER(VALUE(zzz_20261002_Jars[Water Added (mL)]), (zzz_20261002_Jars[Jar Purpose]=zzz_20261002_Jars[[#This Row],[Jar Purpose]])*(zzz_20261002_Jars[Jar Type]=zzz_20261002_Jars[[#This Row],[Jar Type]])*(zzz_20261002_Jars[Additional Water Added (mL)]="0"))), 0), "0000"))} -> 0000 | K23: 1700 | L23: Unknown | M23: Unknown | N23: 1.80 | O23: default-ph | P23: 6.00 | Q23: 1290 | R23: =IF(zzz_20261002_Jars[[#This Row],[Jar]]="", "", IFERROR(IFERROR(_xlfn.XLOOKUP(zzz_20261002_Jars[[#This Row],[Jar]], Growing[Growing Jar], Growing[Status]), _xlfn.XLOOKUP(zzz_20261002_Jars[[#This Row],[Jar]], Growing[Seeding Jar], Growing[Status])), "Ready")) -> Finished | S23: Unknown | T23: 0 | U23: None | V23: {=_xlfn.LET( _xlpm.water, zzz_20261002_Jars[[#This Row],[Water Added (mL)]], _xlpm.additional, zzz_20261002_Jars[[#This Row],[Additional Water Added (mL)]], IF(_xlpm.water="", "", IF(_xlpm.additional="Unknown", VALUE(_xlpm.water), VALUE(_xlpm.water)+VALUE(_xlpm.additional))) )} -> 1700 | W23: {=_xlfn.LET( _xlpm.fertilizer, zzz_20261002_Jars[[#This Row],[Fertilizer Added (g)]], _xlpm.additional, zzz_20261002_Jars[[#This Row],[Additional Fertilizer Added (g)]], IF(_xlpm.fertilizer="", "", IF(_xlpm.additional="Unknown", VALUE(_xlpm.fertilizer), VALUE(_xlpm.fertilizer)+VALUE(_xlpm.additional))) )} -> 1.8 | X23: 6.50 | Y23: 493 | Z23: 1 Brown Paper Bag | AA23: 1 Sheet Cardboard
A24: 14 | B24: Half-Gallon Ball Mason Jar | C24: Look Out and-Grow! | D24: Seeding & Growing | E24: =IF(zzz_20261002_Jars[[#This Row],[Jar Type]]="", "", TEXT(_xlfn.XLOOKUP(zzz_20261002_Jars[[#This Row],[Jar Type]], Containers!A:A, Containers!C:C), "General")) -> 1892.7 | F24: 0 | G24: 2026-06-17 | H24: Distilled | I24: {=IF(_xlfn.SINGLE(zzz_20261002_Jars[Jar Type])="", "", TEXT(IFERROR(MEDIAN(_xlfn._xlws.FILTER(VALUE(zzz_20261002_Jars[Water Added (mL)]), (zzz_20261002_Jars[Jar Purpose]=zzz_20261002_Jars[[#This Row],[Jar Purpose]])*(zzz_20261002_Jars[Jar Type]=zzz_20261002_Jars[[#This Row],[Jar Type]])*(zzz_20261002_Jars[Additional Water Added (mL)]="1"))), 0), "0000"))} -> 1700 | J24: {=IF(_xlfn.SINGLE(zzz_20261002_Jars[Jar Type])="", "", TEXT(IFERROR(MEDIAN(_xlfn._xlws.FILTER(VALUE(zzz_20261002_Jars[Water Added (mL)]), (zzz_20261002_Jars[Jar Purpose]=zzz_20261002_Jars[[#This Row],[Jar Purpose]])*(zzz_20261002_Jars[Jar Type]=zzz_20261002_Jars[[#This Row],[Jar Type]])*(zzz_20261002_Jars[Additional Water Added (mL)]="0"))), 0), "0000"))} -> 0000 | K24: 1700 | L24: Unknown | M24: Unknown | N24: 1.40 | O24: default-ph | P24: 6.00 | Q24: Skipped | R24: =IF(zzz_20261002_Jars[[#This Row],[Jar]]="", "", IFERROR(IFERROR(_xlfn.XLOOKUP(zzz_20261002_Jars[[#This Row],[Jar]], Growing[Growing Jar], Growing[Status]), _xlfn.XLOOKUP(zzz_20261002_Jars[[#This Row],[Jar]], Growing[Seeding Jar], Growing[Status])), "Ready")) -> Finished | S24: Unknown | T24: 0 | U24: None | V24: {=_xlfn.LET( _xlpm.water, zzz_20261002_Jars[[#This Row],[Water Added (mL)]], _xlpm.additional, zzz_20261002_Jars[[#This Row],[Additional Water Added (mL)]], IF(_xlpm.water="", "", IF(_xlpm.additional="Unknown", VALUE(_xlpm.water), VALUE(_xlpm.water)+VALUE(_xlpm.additional))) )} -> 1700 | W24: {=_xlfn.LET( _xlpm.fertilizer, zzz_20261002_Jars[[#This Row],[Fertilizer Added (g)]], _xlpm.additional, zzz_20261002_Jars[[#This Row],[Additional Fertilizer Added (g)]], IF(_xlpm.fertilizer="", "", IF(_xlpm.additional="Unknown", VALUE(_xlpm.fertilizer), VALUE(_xlpm.fertilizer)+VALUE(_xlpm.additional))) )} -> 1.4 | X24: 6.25 | Y24: 333 | Z24: 1 Brown Paper Bag | AA24: 1 Sheet Cardboard
A25: 15 | B25: Half-Gallon Ball Mason Jar | C25: Green Queen | D25: Seeding & Growing | E25: =IF(zzz_20261002_Jars[[#This Row],[Jar Type]]="", "", TEXT(_xlfn.XLOOKUP(zzz_20261002_Jars[[#This Row],[Jar Type]], Containers!A:A, Containers!C:C), "General")) -> 1892.7 | F25: 0 | G25: 2026-06-17 | H25: Distilled | I25: {=IF(_xlfn.SINGLE(zzz_20261002_Jars[Jar Type])="", "", TEXT(IFERROR(MEDIAN(_xlfn._xlws.FILTER(VALUE(zzz_20261002_Jars[Water Added (mL)]), (zzz_20261002_Jars[Jar Purpose]=zzz_20261002_Jars[[#This Row],[Jar Purpose]])*(zzz_20261002_Jars[Jar Type]=zzz_20261002_Jars[[#This Row],[Jar Type]])*(zzz_20261002_Jars[Additional Water Added (mL)]="1"))), 0), "0000"))} -> 1700 | J25: {=IF(_xlfn.SINGLE(zzz_20261002_Jars[Jar Type])="", "", TEXT(IFERROR(MEDIAN(_xlfn._xlws.FILTER(VALUE(zzz_20261002_Jars[Water Added (mL)]), (zzz_20261002_Jars[Jar Purpose]=zzz_20261002_Jars[[#This Row],[Jar Purpose]])*(zzz_20261002_Jars[Jar Type]=zzz_20261002_Jars[[#This Row],[Jar Type]])*(zzz_20261002_Jars[Additional Water Added (mL)]="0"))), 0), "0000"))} -> 0000 | K25: 1700 | L25: Unknown | M25: Unknown | N25: 1.44 | O25: default-ph | P25: 5.75 | Q25: Skipped | R25: =IF(zzz_20261002_Jars[[#This Row],[Jar]]="", "", IFERROR(IFERROR(_xlfn.XLOOKUP(zzz_20261002_Jars[[#This Row],[Jar]], Growing[Growing Jar], Growing[Status]), _xlfn.XLOOKUP(zzz_20261002_Jars[[#This Row],[Jar]], Growing[Seeding Jar], Growing[Status])), "Ready")) -> Finished | S25: 1 | T25: 0 | U25: None | V25: {=_xlfn.LET( _xlpm.water, zzz_20261002_Jars[[#This Row],[Water Added (mL)]], _xlpm.additional, zzz_20261002_Jars[[#This Row],[Additional Water Added (mL)]], IF(_xlpm.water="", "", IF(_xlpm.additional="Unknown", VALUE(_xlpm.water), VALUE(_xlpm.water)+VALUE(_xlpm.additional))) )} -> 1701 | W25: {=_xlfn.LET( _xlpm.fertilizer, zzz_20261002_Jars[[#This Row],[Fertilizer Added (g)]], _xlpm.additional, zzz_20261002_Jars[[#This Row],[Additional Fertilizer Added (g)]], IF(_xlpm.fertilizer="", "", IF(_xlpm.additional="Unknown", VALUE(_xlpm.fertilizer), VALUE(_xlpm.fertilizer)+VALUE(_xlpm.additional))) )} -> 1.44 | X25: 5.00 | Y25: 963 | Z25: 1 Brown Paper Bag | AA25: 1 Sheet Cardboard | AB25: Added DI water to elevate the water level for evaporation during a hot week.
A26: 16 | B26: Half-Gallon Ball Mason Jar | C26: My Cat Ate My Lettuce | D26: Seeding & Growing | E26: =IF(zzz_20261002_Jars[[#This Row],[Jar Type]]="", "", TEXT(_xlfn.XLOOKUP(zzz_20261002_Jars[[#This Row],[Jar Type]], Containers!A:A, Containers!C:C), "General")) -> 1892.7 | F26: 0 | G26: 2026-06-17 | H26: Distilled | I26: {=IF(_xlfn.SINGLE(zzz_20261002_Jars[Jar Type])="", "", TEXT(IFERROR(MEDIAN(_xlfn._xlws.FILTER(VALUE(zzz_20261002_Jars[Water Added (mL)]), (zzz_20261002_Jars[Jar Purpose]=zzz_20261002_Jars[[#This Row],[Jar Purpose]])*(zzz_20261002_Jars[Jar Type]=zzz_20261002_Jars[[#This Row],[Jar Type]])*(zzz_20261002_Jars[Additional Water Added (mL)]="1"))), 0), "0000"))} -> 1700 | J26: {=IF(_xlfn.SINGLE(zzz_20261002_Jars[Jar Type])="", "", TEXT(IFERROR(MEDIAN(_xlfn._xlws.FILTER(VALUE(zzz_20261002_Jars[Water Added (mL)]), (zzz_20261002_Jars[Jar Purpose]=zzz_20261002_Jars[[#This Row],[Jar Purpose]])*(zzz_20261002_Jars[Jar Type]=zzz_20261002_Jars[[#This Row],[Jar Type]])*(zzz_20261002_Jars[Additional Water Added (mL)]="0"))), 0), "0000"))} -> 0000 | K26: 1700 | L26: Unknown | M26: Unknown | N26: 1.55 | O26: default-ph | P26: 6.00 | Q26: Skipped | R26: =IF(zzz_20261002_Jars[[#This Row],[Jar]]="", "", IFERROR(IFERROR(_xlfn.XLOOKUP(zzz_20261002_Jars[[#This Row],[Jar]], Growing[Growing Jar], Growing[Status]), _xlfn.XLOOKUP(zzz_20261002_Jars[[#This Row],[Jar]], Growing[Seeding Jar], Growing[Status])), "Ready")) -> Finished | S26: 1 | T26: 0 | U26: None | V26: {=_xlfn.LET( _xlpm.water, zzz_20261002_Jars[[#This Row],[Water Added (mL)]], _xlpm.additional, zzz_20261002_Jars[[#This Row],[Additional Water Added (mL)]], IF(_xlpm.water="", "", IF(_xlpm.additional="Unknown", VALUE(_xlpm.water), VALUE(_xlpm.water)+VALUE(_xlpm.additional))) )} -> 1701 | W26: {=_xlfn.LET( _xlpm.fertilizer, zzz_20261002_Jars[[#This Row],[Fertilizer Added (g)]], _xlpm.additional, zzz_20261002_Jars[[#This Row],[Additional Fertilizer Added (g)]], IF(_xlpm.fertilizer="", "", IF(_xlpm.additional="Unknown", VALUE(_xlpm.fertilizer), VALUE(_xlpm.fertilizer)+VALUE(_xlpm.additional))) )} -> 1.55 | X26: 6.00 | Y26: 907 | Z26: 1 Brown Paper Bag | AA26: 1 Sheet Cardboard | AB26: Added DI water to elevate the water level for evaporation during a hot week.
A27: 17 | B27: Half-Gallon Ball Mason Jar | C27: Buddy | D27: Seeding & Growing | E27: =IF(zzz_20261002_Jars[[#This Row],[Jar Type]]="", "", TEXT(_xlfn.XLOOKUP(zzz_20261002_Jars[[#This Row],[Jar Type]], Containers!A:A, Containers!C:C), "General")) -> 1892.7 | F27: 0 | G27: 2026-06-17 | H27: Distilled | I27: {=IF(_xlfn.SINGLE(zzz_20261002_Jars[Jar Type])="", "", TEXT(IFERROR(MEDIAN(_xlfn._xlws.FILTER(VALUE(zzz_20261002_Jars[Water Added (mL)]), (zzz_20261002_Jars[Jar Purpose]=zzz_20261002_Jars[[#This Row],[Jar Purpose]])*(zzz_20261002_Jars[Jar Type]=zzz_20261002_Jars[[#This Row],[Jar Type]])*(zzz_20261002_Jars[Additional Water Added (mL)]="1"))), 0), "0000"))} -> 1700 | J27: {=IF(_xlfn.SINGLE(zzz_20261002_Jars[Jar Type])="", "", TEXT(IFERROR(MEDIAN(_xlfn._xlws.FILTER(VALUE(zzz_20261002_Jars[Water Added (mL)]), (zzz_20261002_Jars[Jar Purpose]=zzz_20261002_Jars[[#This Row],[Jar Purpose]])*(zzz_20261002_Jars[Jar Type]=zzz_20261002_Jars[[#This Row],[Jar Type]])*(zzz_20261002_Jars[Additional Water Added (mL)]="0"))), 0), "0000"))} -> 0000 | K27: 1700 | L27: Unknown | M27: Unknown | N27: 1.57 | O27: default-ph | P27: 5.50 | Q27: Skipped | R27: =IF(zzz_20261002_Jars[[#This Row],[Jar]]="", "", IFERROR(IFERROR(_xlfn.XLOOKUP(zzz_20261002_Jars[[#This Row],[Jar]], Growing[Growing Jar], Growing[Status]), _xlfn.XLOOKUP(zzz_20261002_Jars[[#This Row],[Jar]], Growing[Seeding Jar], Growing[Status])), "Ready")) -> Finished | S27: 1 | T27: 0 | U27: None | V27: {=_xlfn.LET( _xlpm.water, zzz_20261002_Jars[[#This Row],[Water Added (mL)]], _xlpm.additional, zzz_20261002_Jars[[#This Row],[Additional Water Added (mL)]], IF(_xlpm.water="", "", IF(_xlpm.additional="Unknown", VALUE(_xlpm.water), VALUE(_xlpm.water)+VALUE(_xlpm.additional))) )} -> 1701 | W27: {=_xlfn.LET( _xlpm.fertilizer, zzz_20261002_Jars[[#This Row],[Fertilizer Added (g)]], _xlpm.additional, zzz_20261002_Jars[[#This Row],[Additional Fertilizer Added (g)]], IF(_xlpm.fertilizer="", "", IF(_xlpm.additional="Unknown", VALUE(_xlpm.fertilizer), VALUE(_xlpm.fertilizer)+VALUE(_xlpm.additional))) )} -> 1.57 | X27: 6.00 | Y27: 1087 | Z27: 1 Brown Paper Bag | AA27: 1 Sheet Cardboard | AB27: Added DI water to elevate the water level for evaporation during a hot week. Plant was started during a heat wave and ran out of water in the medium before the roots extended.
